timestamp, index, name, memory.used [MiB], memory.total [MiB], utilization.gpu [%]
2026/08/20 15:05:32.492, 0, NVIDIA L40S, 0 MiB, 46068 MiB, 0 %
2026/08/20 15:05:32.496, 1, NVIDIA L40S, 42639 MiB, 46068 MiB, 0 %
2026/08/20 15:05:32.498, 2, NVIDIA L40S, 42639 MiB, 46068 MiB, 0 %
2026/08/20 15:05:33.500, 0, NVIDIA L40S, 0 MiB, 46068 MiB, 0 %
2026/08/20 15:05:33.500, 1, NVIDIA L40S, 42639 MiB, 46068 MiB, 0 %
2026/08/20 15:05:33.500, 2, NVIDIA L40S, 42639 MiB, 46068 MiB, 0 %
2026/08/20 15:05:34.501, 0, NVIDIA L40S, 0 MiB, 46068 MiB, 0 %
2026/08/20 15:05:34.501, 1, NVIDIA L40S, 42639 MiB, 46068 MiB, 0 %
2026/08/20 15:05:34.501, 2, NVIDIA L40S, 42639 MiB, 46068 MiB, 0 %
2026/08/20 15:05:35.501, 0, NVIDIA L40S, 0 MiB, 46068 MiB, 0 %
2026/08/20 15:05:35.502, 1, NVIDIA L40S, 42639 MiB, 46068 MiB, 0 %
2026/08/20 15:05:35.502, 2, NVIDIA L40S, 42639 MiB, 46068 MiB, 0 %
2026/08/20 15:05:36.502, 0, NVIDIA L40S, 0 MiB, 46068 MiB, 0 %
2026/08/20 15:05:36.503, 1, NVIDIA L40S, 42639 MiB, 46068 MiB, 0 %
2026/08/20 15:05:36.503, 2, NVIDIA L40S, 42639 MiB, 46068 MiB, 0 %
2026/08/20 15:05:37.503, 0, NVIDIA L40S, 0 MiB, 46068 MiB, 0 %
2026/08/20 15:05:37.504, 1, NVIDIA L40S, 42639 MiB, 46068 MiB, 0 %
2026/08/20 15:05:37.504, 2, NVIDIA L40S, 42639 MiB, 46068 MiB, 0 %
2026/08/20 15:05:38.504, 0, NVIDIA L40S, 0 MiB, 46068 MiB, 0 %
2026/08/20 15:05:38.504, 1, NVIDIA L40S, 42639 MiB, 46068 MiB, 0 %
2026/08/20 15:05:38.505, 2, NVIDIA L40S, 42639 MiB, 46068 MiB, 0 %
2026/08/20 15:05:39.505, 0, NVIDIA L40S, 0 MiB, 46068 MiB, 0 %
2026/08/20 15:05:39.505, 1, NVIDIA L40S, 42639 MiB, 46068 MiB, 0 %
2026/08/20 15:05:39.505, 2, NVIDIA L40S, 42639 MiB, 46068 MiB, 0 %
2026/08/20 15:05:40.506, 0, NVIDIA L40S, 0 MiB, 46068 MiB, 0 %
2026/08/20 15:05:40.506, 1, NVIDIA L40S, 42639 MiB, 46068 MiB, 0 %
2026/08/20 15:05:40.506, 2, NVIDIA L40S, 42639 MiB, 46068 MiB, 0 %
2026/08/20 15:05:41.507, 0, NVIDIA L40S, 0 MiB, 46068 MiB, 0 %
2026/08/20 15:05:41.507, 1, NVIDIA L40S, 42639 MiB, 46068 MiB, 0 %
2026/08/20 15:05:41.508, 2, NVIDIA L40S, 42639 MiB, 46068 MiB, 0 %
2026/08/20 15:05:42.508, 0, NVIDIA L40S, 0 MiB, 46068 MiB, 0 %
2026/08/20 15:05:42.508, 1, NVIDIA L40S, 42639 MiB, 46068 MiB, 0 %
2026/08/20 15:05:42.509, 2, NVIDIA L40S, 42639 MiB, 46068 MiB, 0 %
2026/08/20 15:05:43.509, 0, NVIDIA L40S, 0 MiB, 46068 MiB, 0 %
2026/08/20 15:05:43.509, 1, NVIDIA L40S, 42639 MiB, 46068 MiB, 0 %
2026/08/20 15:05:43.510, 2, NVIDIA L40S, 42639 MiB, 46068 MiB, 0 %
2026/08/20 15:05:44.510, 0, NVIDIA L40S, 0 MiB, 46068 MiB, 0 %
2026/08/20 15:05:44.511, 1, NVIDIA L40S, 42639 MiB, 46068 MiB, 0 %
2026/08/20 15:05:44.511, 2, NVIDIA L40S, 42639 MiB, 46068 MiB, 0 %
2026/08/20 15:05:45.511, 0, NVIDIA L40S, 0 MiB, 46068 MiB, 0 %
2026/08/20 15:05:45.512, 1, NVIDIA L40S, 42639 MiB, 46068 MiB, 0 %
2026/08/20 15:05:45.512, 2, NVIDIA L40S, 42639 MiB, 46068 MiB, 0 %
2026/08/20 15:05:46.512, 0, NVIDIA L40S, 0 MiB, 46068 MiB, 0 %
2026/08/20 15:05:46.512, 1, NVIDIA L40S, 42639 MiB, 46068 MiB, 0 %
2026/08/20 15:05:46.513, 2, NVIDIA L40S, 42639 MiB, 46068 MiB, 0 %
2026/08/20 15:05:47.513, 0, NVIDIA L40S, 0 MiB, 46068 MiB, 0 %
2026/08/20 15:05:47.513, 1, NVIDIA L40S, 42639 MiB, 46068 MiB, 0 %
2026/08/20 15:05:47.513, 2, NVIDIA L40S, 42639 MiB, 46068 MiB, 0 %
2026/08/20 15:05:48.514, 0, NVIDIA L40S, 0 MiB, 46068 MiB, 0 %
2026/08/20 15:05:48.514, 1, NVIDIA L40S, 42639 MiB, 46068 MiB, 0 %
2026/08/20 15:05:48.514, 2, NVIDIA L40S, 42639 MiB, 46068 MiB, 0 %
2026/08/20 15:05:49.515, 0, NVIDIA L40S, 0 MiB, 46068 MiB, 0 %
2026/08/20 15:05:49.515, 1, NVIDIA L40S, 42639 MiB, 46068 MiB, 0 %
2026/08/20 15:05:49.515, 2, NVIDIA L40S, 42639 MiB, 46068 MiB, 0 %
2026/08/20 15:05:50.515, 0, NVIDIA L40S, 3 MiB, 46068 MiB, 0 %
2026/08/20 15:05:50.516, 1, NVIDIA L40S, 42639 MiB, 46068 MiB, 0 %
2026/08/20 15:05:50.516, 2, NVIDIA L40S, 42639 MiB, 46068 MiB, 0 %
2026/08/20 15:05:51.516, 0, NVIDIA L40S, 3 MiB, 46068 MiB, 0 %
2026/08/20 15:05:51.516, 1, NVIDIA L40S, 42639 MiB, 46068 MiB, 0 %
2026/08/20 15:05:51.516, 2, NVIDIA L40S, 42639 MiB, 46068 MiB, 0 %
2026/08/20 15:05:52.517, 0, NVIDIA L40S, 3 MiB, 46068 MiB, 0 %
2026/08/20 15:05:52.517, 1, NVIDIA L40S, 42639 MiB, 46068 MiB, 0 %
2026/08/20 15:05:52.517, 2, NVIDIA L40S, 42639 MiB, 46068 MiB, 0 %
2026/08/20 15:05:53.517, 0, NVIDIA L40S, 3 MiB, 46068 MiB, 0 %
2026/08/20 15:05:53.518, 1, NVIDIA L40S, 42639 MiB, 46068 MiB, 0 %
2026/08/20 15:05:53.518, 2, NVIDIA L40S, 42639 MiB, 46068 MiB, 0 %
2026/08/20 15:05:54.518, 0, NVIDIA L40S, 3 MiB, 46068 MiB, 0 %
2026/08/20 15:05:54.519, 1, NVIDIA L40S, 42639 MiB, 46068 MiB, 0 %
2026/08/20 15:05:54.519, 2, NVIDIA L40S, 42639 MiB, 46068 MiB, 0 %
2026/08/20 15:05:55.519, 0, NVIDIA L40S, 3 MiB, 46068 MiB, 0 %
2026/08/20 15:05:55.519, 1, NVIDIA L40S, 42639 MiB, 46068 MiB, 0 %
2026/08/20 15:05:55.519, 2, NVIDIA L40S, 42639 MiB, 46068 MiB, 0 %
2026/08/20 15:05:56.519, 0, NVIDIA L40S, 17515 MiB, 46068 MiB, 13 %
2026/08/20 15:05:56.520, 1, NVIDIA L40S, 42639 MiB, 46068 MiB, 0 %
2026/08/20 15:05:56.520, 2, NVIDIA L40S, 42639 MiB, 46068 MiB, 0 %
2026/08/20 15:05:57.520, 0, NVIDIA L40S, 17517 MiB, 46068 MiB, 15 %
2026/08/20 15:05:57.520, 1, NVIDIA L40S, 42639 MiB, 46068 MiB, 0 %
2026/08/20 15:05:57.520, 2, NVIDIA L40S, 42639 MiB, 46068 MiB, 0 %
2026/08/20 15:05:58.521, 0, NVIDIA L40S, 17521 MiB, 46068 MiB, 12 %
2026/08/20 15:05:58.521, 1, NVIDIA L40S, 42639 MiB, 46068 MiB, 0 %
2026/08/20 15:05:58.521, 2, NVIDIA L40S, 42639 MiB, 46068 MiB, 0 %
2026/08/20 15:05:59.522, 0, NVIDIA L40S, 17525 MiB, 46068 MiB, 16 %
2026/08/20 15:05:59.522, 1, NVIDIA L40S, 42639 MiB, 46068 MiB, 0 %
2026/08/20 15:05:59.522, 2, NVIDIA L40S, 42639 MiB, 46068 MiB, 0 %
2026/08/20 15:06:00.522, 0, NVIDIA L40S, 17529 MiB, 46068 MiB, 17 %
2026/08/20 15:06:00.522, 1, NVIDIA L40S, 42639 MiB, 46068 MiB, 0 %
2026/08/20 15:06:00.523, 2, NVIDIA L40S, 42639 MiB, 46068 MiB, 0 %
2026/08/20 15:06:01.523, 0, NVIDIA L40S, 17599 MiB, 46068 MiB, 7 %
2026/08/20 15:06:01.523, 1, NVIDIA L40S, 42639 MiB, 46068 MiB, 0 %
2026/08/20 15:06:01.523, 2, NVIDIA L40S, 42639 MiB, 46068 MiB, 0 %
2026/08/20 15:06:02.524, 0, NVIDIA L40S, 17599 MiB, 46068 MiB, 0 %
2026/08/20 15:06:02.524, 1, NVIDIA L40S, 42639 MiB, 46068 MiB, 0 %
2026/08/20 15:06:02.524, 2, NVIDIA L40S, 42639 MiB, 46068 MiB, 0 %
2026/08/20 15:06:03.525, 0, NVIDIA L40S, 17599 MiB, 46068 MiB, 0 %
2026/08/20 15:06:03.525, 1, NVIDIA L40S, 42639 MiB, 46068 MiB, 0 %
2026/08/20 15:06:03.525, 2, NVIDIA L40S, 42639 MiB, 46068 MiB, 0 %
2026/08/20 15:06:04.525, 0, NVIDIA L40S, 17599 MiB, 46068 MiB, 0 %
2026/08/20 15:06:04.525, 1, NVIDIA L40S, 42639 MiB, 46068 MiB, 0 %
2026/08/20 15:06:04.526, 2, NVIDIA L40S, 42639 MiB, 46068 MiB, 0 %
2026/08/20 15:06:05.526, 0, NVIDIA L40S, 18159 MiB, 46068 MiB, 1 %
2026/08/20 15:06:05.526, 1, NVIDIA L40S, 42639 MiB, 46068 MiB, 0 %
2026/08/20 15:06:05.526, 2, NVIDIA L40S, 42639 MiB, 46068 MiB, 0 %
2026/08/20 15:06:06.527, 0, NVIDIA L40S, 20377 MiB, 46068 MiB, 97 %
2026/08/20 15:06:06.527, 1, NVIDIA L40S, 42639 MiB, 46068 MiB, 0 %
2026/08/20 15:06:06.527, 2, NVIDIA L40S, 42639 MiB, 46068 MiB, 0 %
2026/08/20 15:06:07.528, 0, NVIDIA L40S, 20377 MiB, 46068 MiB, 90 %
2026/08/20 15:06:07.528, 1, NVIDIA L40S, 42639 MiB, 46068 MiB, 0 %
2026/08/20 15:06:07.528, 2, NVIDIA L40S, 42639 MiB, 46068 MiB, 0 %
2026/08/20 15:06:08.528, 0, NVIDIA L40S, 20377 MiB, 46068 MiB, 95 %
2026/08/20 15:06:08.528, 1, NVIDIA L40S, 42639 MiB, 46068 MiB, 0 %
2026/08/20 15:06:08.529, 2, NVIDIA L40S, 42639 MiB, 46068 MiB, 0 %
2026/08/20 15:06:09.529, 0, NVIDIA L40S, 20377 MiB, 46068 MiB, 96 %
2026/08/20 15:06:09.529, 1, NVIDIA L40S, 42639 MiB, 46068 MiB, 0 %
2026/08/20 15:06:09.529, 2, NVIDIA L40S, 42639 MiB, 46068 MiB, 0 %
2026/08/20 15:06:10.529, 0, NVIDIA L40S, 20377 MiB, 46068 MiB, 97 %
2026/08/20 15:06:10.530, 1, NVIDIA L40S, 42639 MiB, 46068 MiB, 0 %
2026/08/20 15:06:10.530, 2, NVIDIA L40S, 42639 MiB, 46068 MiB, 0 %
2026/08/20 15:06:11.530, 0, NVIDIA L40S, 20377 MiB, 46068 MiB, 96 %
2026/08/20 15:06:11.530, 1, NVIDIA L40S, 42639 MiB, 46068 MiB, 0 %
2026/08/20 15:06:11.530, 2, NVIDIA L40S, 42639 MiB, 46068 MiB, 0 %
2026/08/20 15:06:12.530, 0, NVIDIA L40S, 20377 MiB, 46068 MiB, 91 %
2026/08/20 15:06:12.531, 1, NVIDIA L40S, 42639 MiB, 46068 MiB, 0 %
2026/08/20 15:06:12.531, 2, NVIDIA L40S, 42639 MiB, 46068 MiB, 0 %
2026/08/20 15:06:13.531, 0, NVIDIA L40S, 20377 MiB, 46068 MiB, 93 %
2026/08/20 15:06:13.531, 1, NVIDIA L40S, 42639 MiB, 46068 MiB, 0 %
2026/08/20 15:06:13.531, 2, NVIDIA L40S, 42639 MiB, 46068 MiB, 0 %
2026/08/20 15:06:14.531, 0, NVIDIA L40S, 20377 MiB, 46068 MiB, 83 %
2026/08/20 15:06:14.532, 1, NVIDIA L40S, 42639 MiB, 46068 MiB, 0 %
2026/08/20 15:06:14.532, 2, NVIDIA L40S, 42639 MiB, 46068 MiB, 0 %
2026/08/20 15:06:15.536, 0, NVIDIA L40S, 20377 MiB, 46068 MiB, 91 %
2026/08/20 15:06:15.536, 1, NVIDIA L40S, 42639 MiB, 46068 MiB, 0 %
2026/08/20 15:06:15.536, 2, NVIDIA L40S, 42639 MiB, 46068 MiB, 0 %
2026/08/20 15:06:16.536, 0, NVIDIA L40S, 20377 MiB, 46068 MiB, 82 %
2026/08/20 15:06:16.537, 1, NVIDIA L40S, 42639 MiB, 46068 MiB, 0 %
2026/08/20 15:06:16.537, 2, NVIDIA L40S, 42639 MiB, 46068 MiB, 0 %
2026/08/20 15:06:17.537, 0, NVIDIA L40S, 20377 MiB, 46068 MiB, 88 %
2026/08/20 15:06:17.537, 1, NVIDIA L40S, 42639 MiB, 46068 MiB, 0 %
2026/08/20 15:06:17.537, 2, NVIDIA L40S, 42639 MiB, 46068 MiB, 0 %
2026/08/20 15:06:18.538, 0, NVIDIA L40S, 20377 MiB, 46068 MiB, 84 %
2026/08/20 15:06:18.538, 1, NVIDIA L40S, 42639 MiB, 46068 MiB, 0 %
2026/08/20 15:06:18.538, 2, NVIDIA L40S, 42639 MiB, 46068 MiB, 0 %
2026/08/20 15:06:19.538, 0, NVIDIA L40S, 20377 MiB, 46068 MiB, 93 %
2026/08/20 15:06:19.539, 1, NVIDIA L40S, 42639 MiB, 46068 MiB, 0 %
2026/08/20 15:06:19.539, 2, NVIDIA L40S, 42639 MiB, 46068 MiB, 0 %
2026/08/20 15:06:20.539, 0, NVIDIA L40S, 20377 MiB, 46068 MiB, 95 %
2026/08/20 15:06:20.539, 1, NVIDIA L40S, 42639 MiB, 46068 MiB, 0 %
2026/08/20 15:06:20.539, 2, NVIDIA L40S, 42639 MiB, 46068 MiB, 0 %
2026/08/20 15:06:21.540, 0, NVIDIA L40S, 20377 MiB, 46068 MiB, 97 %
2026/08/20 15:06:21.540, 1, NVIDIA L40S, 42639 MiB, 46068 MiB, 0 %
2026/08/20 15:06:21.540, 2, NVIDIA L40S, 42639 MiB, 46068 MiB, 0 %
2026/08/20 15:06:22.540, 0, NVIDIA L40S, 20377 MiB, 46068 MiB, 96 %
2026/08/20 15:06:22.541, 1, NVIDIA L40S, 42639 MiB, 46068 MiB, 0 %
2026/08/20 15:06:22.541, 2, NVIDIA L40S, 42639 MiB, 46068 MiB, 0 %
2026/08/20 15:06:23.541, 0, NVIDIA L40S, 20377 MiB, 46068 MiB, 97 %
2026/08/20 15:06:23.541, 1, NVIDIA L40S, 42639 MiB, 46068 MiB, 0 %
2026/08/20 15:06:23.541, 2, NVIDIA L40S, 42639 MiB, 46068 MiB, 0 %
2026/08/20 15:06:24.541, 0, NVIDIA L40S, 20377 MiB, 46068 MiB, 95 %
2026/08/20 15:06:24.542, 1, NVIDIA L40S, 42639 MiB, 46068 MiB, 0 %
2026/08/20 15:06:24.542, 2, NVIDIA L40S, 42639 MiB, 46068 MiB, 0 %
2026/08/20 15:06:25.542, 0, NVIDIA L40S, 20377 MiB, 46068 MiB, 89 %
2026/08/20 15:06:25.542, 1, NVIDIA L40S, 42639 MiB, 46068 MiB, 0 %
2026/08/20 15:06:25.542, 2, NVIDIA L40S, 42639 MiB, 46068 MiB, 0 %
2026/08/20 15:06:26.542, 0, NVIDIA L40S, 20377 MiB, 46068 MiB, 96 %
2026/08/20 15:06:26.543, 1, NVIDIA L40S, 42639 MiB, 46068 MiB, 0 %
2026/08/20 15:06:26.543, 2, NVIDIA L40S, 42639 MiB, 46068 MiB, 0 %
2026/08/20 15:06:27.543, 0, NVIDIA L40S, 20377 MiB, 46068 MiB, 90 %
2026/08/20 15:06:27.543, 1, NVIDIA L40S, 42639 MiB, 46068 MiB, 0 %
2026/08/20 15:06:27.543, 2, NVIDIA L40S, 42639 MiB, 46068 MiB, 0 %
2026/08/20 15:06:28.543, 0, NVIDIA L40S, 20377 MiB, 46068 MiB, 90 %
2026/08/20 15:06:28.544, 1, NVIDIA L40S, 42639 MiB, 46068 MiB, 0 %
2026/08/20 15:06:28.544, 2, NVIDIA L40S, 42639 MiB, 46068 MiB, 0 %
2026/08/20 15:06:29.548, 0, NVIDIA L40S, 20377 MiB, 46068 MiB, 89 %
2026/08/20 15:06:29.548, 1, NVIDIA L40S, 42639 MiB, 46068 MiB, 0 %
2026/08/20 15:06:29.548, 2, NVIDIA L40S, 42639 MiB, 46068 MiB, 0 %
2026/08/20 15:06:30.548, 0, NVIDIA L40S, 20377 MiB, 46068 MiB, 90 %
2026/08/20 15:06:30.549, 1, NVIDIA L40S, 42639 MiB, 46068 MiB, 0 %
2026/08/20 15:06:30.549, 2, NVIDIA L40S, 42639 MiB, 46068 MiB, 0 %
2026/08/20 15:06:31.549, 0, NVIDIA L40S, 20377 MiB, 46068 MiB, 90 %
2026/08/20 15:06:31.549, 1, NVIDIA L40S, 42639 MiB, 46068 MiB, 0 %
2026/08/20 15:06:31.549, 2, NVIDIA L40S, 42639 MiB, 46068 MiB, 0 %
2026/08/20 15:06:32.550, 0, NVIDIA L40S, 20377 MiB, 46068 MiB, 89 %
2026/08/20 15:06:32.550, 1, NVIDIA L40S, 42639 MiB, 46068 MiB, 0 %
2026/08/20 15:06:32.550, 2, NVIDIA L40S, 42639 MiB, 46068 MiB, 0 %
2026/08/20 15:06:33.550, 0, NVIDIA L40S, 20377 MiB, 46068 MiB, 95 %
2026/08/20 15:06:33.550, 1, NVIDIA L40S, 42639 MiB, 46068 MiB, 0 %
2026/08/20 15:06:33.551, 2, NVIDIA L40S, 42639 MiB, 46068 MiB, 0 %
2026/08/20 15:06:34.551, 0, NVIDIA L40S, 20377 MiB, 46068 MiB, 96 %
2026/08/20 15:06:34.551, 1, NVIDIA L40S, 42639 MiB, 46068 MiB, 0 %
2026/08/20 15:06:34.551, 2, NVIDIA L40S, 42639 MiB, 46068 MiB, 0 %
2026/08/20 15:06:35.555, 0, NVIDIA L40S, 20377 MiB, 46068 MiB, 95 %
2026/08/20 15:06:35.555, 1, NVIDIA L40S, 42639 MiB, 46068 MiB, 0 %
2026/08/20 15:06:35.555, 2, NVIDIA L40S, 42639 MiB, 46068 MiB, 0 %
2026/08/20 15:06:36.555, 0, NVIDIA L40S, 20377 MiB, 46068 MiB, 91 %
2026/08/20 15:06:36.555, 1, NVIDIA L40S, 42639 MiB, 46068 MiB, 0 %
2026/08/20 15:06:36.556, 2, NVIDIA L40S, 42639 MiB, 46068 MiB, 0 %
2026/08/20 15:06:37.567, 0, NVIDIA L40S, 20377 MiB, 46068 MiB, 97 %
2026/08/20 15:06:37.567, 1, NVIDIA L40S, 42639 MiB, 46068 MiB, 0 %
2026/08/20 15:06:37.567, 2, NVIDIA L40S, 42639 MiB, 46068 MiB, 0 %
2026/08/20 15:06:38.567, 0, NVIDIA L40S, 20377 MiB, 46068 MiB, 96 %
2026/08/20 15:06:38.567, 1, NVIDIA L40S, 42639 MiB, 46068 MiB, 0 %
2026/08/20 15:06:38.567, 2, NVIDIA L40S, 42639 MiB, 46068 MiB, 0 %
2026/08/20 15:06:39.569, 0, NVIDIA L40S, 20377 MiB, 46068 MiB, 94 %
2026/08/20 15:06:39.569, 1, NVIDIA L40S, 42639 MiB, 46068 MiB, 0 %
2026/08/20 15:06:39.569, 2, NVIDIA L40S, 42639 MiB, 46068 MiB, 0 %
2026/08/20 15:06:40.569, 0, NVIDIA L40S, 20377 MiB, 46068 MiB, 95 %
2026/08/20 15:06:40.569, 1, NVIDIA L40S, 42639 MiB, 46068 MiB, 0 %
2026/08/20 15:06:40.569, 2, NVIDIA L40S, 42639 MiB, 46068 MiB, 0 %
2026/08/20 15:06:41.569, 0, NVIDIA L40S, 20377 MiB, 46068 MiB, 93 %
2026/08/20 15:06:41.570, 1, NVIDIA L40S, 42639 MiB, 46068 MiB, 0 %
2026/08/20 15:06:41.570, 2, NVIDIA L40S, 42639 MiB, 46068 MiB, 0 %
2026/08/20 15:06:42.570, 0, NVIDIA L40S, 20377 MiB, 46068 MiB, 96 %
2026/08/20 15:06:42.570, 1, NVIDIA L40S, 42639 MiB, 46068 MiB, 0 %
2026/08/20 15:06:42.570, 2, NVIDIA L40S, 42639 MiB, 46068 MiB, 0 %
2026/08/20 15:06:43.570, 0, NVIDIA L40S, 20377 MiB, 46068 MiB, 95 %
2026/08/20 15:06:43.570, 1, NVIDIA L40S, 42639 MiB, 46068 MiB, 0 %
2026/08/20 15:06:43.570, 2, NVIDIA L40S, 42639 MiB, 46068 MiB, 0 %
2026/08/20 15:06:44.571, 0, NVIDIA L40S, 20377 MiB, 46068 MiB, 95 %
2026/08/20 15:06:44.571, 1, NVIDIA L40S, 42639 MiB, 46068 MiB, 0 %
2026/08/20 15:06:44.571, 2, NVIDIA L40S, 42639 MiB, 46068 MiB, 0 %
2026/08/20 15:06:45.571, 0, NVIDIA L40S, 20377 MiB, 46068 MiB, 86 %
2026/08/20 15:06:45.571, 1, NVIDIA L40S, 42639 MiB, 46068 MiB, 0 %
2026/08/20 15:06:45.571, 2, NVIDIA L40S, 42639 MiB, 46068 MiB, 0 %
2026/08/20 15:06:46.573, 0, NVIDIA L40S, 20377 MiB, 46068 MiB, 91 %
2026/08/20 15:06:46.573, 1, NVIDIA L40S, 42639 MiB, 46068 MiB, 0 %
2026/08/20 15:06:46.573, 2, NVIDIA L40S, 42639 MiB, 46068 MiB, 0 %
2026/08/20 15:06:47.573, 0, NVIDIA L40S, 20377 MiB, 46068 MiB, 95 %
2026/08/20 15:06:47.574, 1, NVIDIA L40S, 42639 MiB, 46068 MiB, 0 %
2026/08/20 15:06:47.574, 2, NVIDIA L40S, 42639 MiB, 46068 MiB, 0 %
2026/08/20 15:06:48.574, 0, NVIDIA L40S, 20377 MiB, 46068 MiB, 88 %
2026/08/20 15:06:48.574, 1, NVIDIA L40S, 42639 MiB, 46068 MiB, 0 %
2026/08/20 15:06:48.574, 2, NVIDIA L40S, 42639 MiB, 46068 MiB, 0 %
2026/08/20 15:06:49.574, 0, NVIDIA L40S, 20377 MiB, 46068 MiB, 96 %
2026/08/20 15:06:49.574, 1, NVIDIA L40S, 42639 MiB, 46068 MiB, 0 %
2026/08/20 15:06:49.574, 2, NVIDIA L40S, 42639 MiB, 46068 MiB, 0 %
2026/08/20 15:06:50.574, 0, NVIDIA L40S, 20377 MiB, 46068 MiB, 96 %
2026/08/20 15:06:50.575, 1, NVIDIA L40S, 42639 MiB, 46068 MiB, 0 %
2026/08/20 15:06:50.575, 2, NVIDIA L40S, 42639 MiB, 46068 MiB, 0 %
2026/08/20 15:06:51.575, 0, NVIDIA L40S, 20377 MiB, 46068 MiB, 97 %
2026/08/20 15:06:51.575, 1, NVIDIA L40S, 42639 MiB, 46068 MiB, 0 %
2026/08/20 15:06:51.575, 2, NVIDIA L40S, 42639 MiB, 46068 MiB, 0 %
2026/08/20 15:06:52.577, 0, NVIDIA L40S, 20377 MiB, 46068 MiB, 91 %
2026/08/20 15:06:52.577, 1, NVIDIA L40S, 42639 MiB, 46068 MiB, 0 %
2026/08/20 15:06:52.577, 2, NVIDIA L40S, 42639 MiB, 46068 MiB, 0 %
2026/08/20 15:06:53.577, 0, NVIDIA L40S, 20379 MiB, 46068 MiB, 96 %
2026/08/20 15:06:53.577, 1, NVIDIA L40S, 42639 MiB, 46068 MiB, 0 %
2026/08/20 15:06:53.577, 2, NVIDIA L40S, 42639 MiB, 46068 MiB, 0 %
2026/08/20 15:06:54.578, 0, NVIDIA L40S, 20379 MiB, 46068 MiB, 92 %
2026/08/20 15:06:54.578, 1, NVIDIA L40S, 42639 MiB, 46068 MiB, 0 %
2026/08/20 15:06:54.578, 2, NVIDIA L40S, 42639 MiB, 46068 MiB, 0 %
2026/08/20 15:06:55.578, 0, NVIDIA L40S, 20379 MiB, 46068 MiB, 73 %
2026/08/20 15:06:55.578, 1, NVIDIA L40S, 42639 MiB, 46068 MiB, 0 %
2026/08/20 15:06:55.578, 2, NVIDIA L40S, 42639 MiB, 46068 MiB, 0 %
2026/08/20 15:06:56.579, 0, NVIDIA L40S, 20379 MiB, 46068 MiB, 91 %
2026/08/20 15:06:56.579, 1, NVIDIA L40S, 42639 MiB, 46068 MiB, 0 %
2026/08/20 15:06:56.579, 2, NVIDIA L40S, 42639 MiB, 46068 MiB, 0 %
2026/08/20 15:06:57.580, 0, NVIDIA L40S, 20379 MiB, 46068 MiB, 93 %
2026/08/20 15:06:57.580, 1, NVIDIA L40S, 42639 MiB, 46068 MiB, 0 %
2026/08/20 15:06:57.580, 2, NVIDIA L40S, 42639 MiB, 46068 MiB, 0 %
2026/08/20 15:06:58.581, 0, NVIDIA L40S, 20379 MiB, 46068 MiB, 94 %
2026/08/20 15:06:58.581, 1, NVIDIA L40S, 42639 MiB, 46068 MiB, 0 %
2026/08/20 15:06:58.581, 2, NVIDIA L40S, 42639 MiB, 46068 MiB, 0 %
2026/08/20 15:06:59.584, 0, NVIDIA L40S, 20379 MiB, 46068 MiB, 89 %
2026/08/20 15:06:59.584, 1, NVIDIA L40S, 42639 MiB, 46068 MiB, 0 %
2026/08/20 15:06:59.584, 2, NVIDIA L40S, 42639 MiB, 46068 MiB, 0 %
2026/08/20 15:07:00.584, 0, NVIDIA L40S, 20379 MiB, 46068 MiB, 87 %
2026/08/20 15:07:00.585, 1, NVIDIA L40S, 42639 MiB, 46068 MiB, 0 %
2026/08/20 15:07:00.585, 2, NVIDIA L40S, 42639 MiB, 46068 MiB, 0 %
2026/08/20 15:07:01.585, 0, NVIDIA L40S, 20379 MiB, 46068 MiB, 92 %
2026/08/20 15:07:01.585, 1, NVIDIA L40S, 42639 MiB, 46068 MiB, 0 %
2026/08/20 15:07:01.586, 2, NVIDIA L40S, 42639 MiB, 46068 MiB, 0 %
2026/08/20 15:07:02.586, 0, NVIDIA L40S, 17601 MiB, 46068 MiB, 0 %
2026/08/20 15:07:02.586, 1, NVIDIA L40S, 42639 MiB, 46068 MiB, 0 %
2026/08/20 15:07:02.587, 2, NVIDIA L40S, 42639 MiB, 46068 MiB, 0 %
2026/08/20 15:07:03.587, 0, NVIDIA L40S, 17601 MiB, 46068 MiB, 0 %
2026/08/20 15:07:03.587, 1, NVIDIA L40S, 42639 MiB, 46068 MiB, 0 %
2026/08/20 15:07:03.588, 2, NVIDIA L40S, 42639 MiB, 46068 MiB, 0 %
2026/08/20 15:07:04.588, 0, NVIDIA L40S, 17601 MiB, 46068 MiB, 0 %
2026/08/20 15:07:04.588, 1, NVIDIA L40S, 42639 MiB, 46068 MiB, 0 %
2026/08/20 15:07:04.588, 2, NVIDIA L40S, 42639 MiB, 46068 MiB, 0 %
2026/08/20 15:07:05.589, 0, NVIDIA L40S, 17601 MiB, 46068 MiB, 0 %
2026/08/20 15:07:05.589, 1, NVIDIA L40S, 42639 MiB, 46068 MiB, 0 %
2026/08/20 15:07:05.589, 2, NVIDIA L40S, 42639 MiB, 46068 MiB, 0 %
2026/08/20 15:07:06.589, 0, NVIDIA L40S, 17601 MiB, 46068 MiB, 0 %
2026/08/20 15:07:06.590, 1, NVIDIA L40S, 42639 MiB, 46068 MiB, 0 %
2026/08/20 15:07:06.590, 2, NVIDIA L40S, 42639 MiB, 46068 MiB, 0 %
2026/08/20 15:07:07.590, 0, NVIDIA L40S, 17601 MiB, 46068 MiB, 0 %
2026/08/20 15:07:07.590, 1, NVIDIA L40S, 42639 MiB, 46068 MiB, 0 %
2026/08/20 15:07:07.590, 2, NVIDIA L40S, 42639 MiB, 46068 MiB, 0 %
2026/08/20 15:07:08.591, 0, NVIDIA L40S, 17601 MiB, 46068 MiB, 0 %
2026/08/20 15:07:08.591, 1, NVIDIA L40S, 42639 MiB, 46068 MiB, 0 %
2026/08/20 15:07:08.591, 2, NVIDIA L40S, 42639 MiB, 46068 MiB, 0 %
2026/08/20 15:07:09.592, 0, NVIDIA L40S, 17601 MiB, 46068 MiB, 0 %
2026/08/20 15:07:09.592, 1, NVIDIA L40S, 42639 MiB, 46068 MiB, 0 %
2026/08/20 15:07:09.592, 2, NVIDIA L40S, 42639 MiB, 46068 MiB, 0 %
2026/08/20 15:07:10.593, 0, NVIDIA L40S, 17601 MiB, 46068 MiB, 0 %
2026/08/20 15:07:10.593, 1, NVIDIA L40S, 42639 MiB, 46068 MiB, 0 %
2026/08/20 15:07:10.593, 2, NVIDIA L40S, 42639 MiB, 46068 MiB, 0 %
2026/08/20 15:07:11.594, 0, NVIDIA L40S, 17601 MiB, 46068 MiB, 0 %
2026/08/20 15:07:11.594, 1, NVIDIA L40S, 42639 MiB, 46068 MiB, 0 %
2026/08/20 15:07:11.594, 2, NVIDIA L40S, 42639 MiB, 46068 MiB, 0 %
2026/08/20 15:07:12.594, 0, NVIDIA L40S, 17601 MiB, 46068 MiB, 0 %
2026/08/20 15:07:12.595, 1, NVIDIA L40S, 42639 MiB, 46068 MiB, 0 %
2026/08/20 15:07:12.595, 2, NVIDIA L40S, 42639 MiB, 46068 MiB, 0 %
2026/08/20 15:07:13.595, 0, NVIDIA L40S, 17601 MiB, 46068 MiB, 0 %
2026/08/20 15:07:13.596, 1, NVIDIA L40S, 42639 MiB, 46068 MiB, 0 %
2026/08/20 15:07:13.596, 2, NVIDIA L40S, 42639 MiB, 46068 MiB, 0 %
2026/08/20 15:07:14.596, 0, NVIDIA L40S, 17601 MiB, 46068 MiB, 0 %
2026/08/20 15:07:14.597, 1, NVIDIA L40S, 42639 MiB, 46068 MiB, 0 %
2026/08/20 15:07:14.597, 2, NVIDIA L40S, 42639 MiB, 46068 MiB, 0 %
2026/08/20 15:07:15.597, 0, NVIDIA L40S, 17601 MiB, 46068 MiB, 0 %
2026/08/20 15:07:15.598, 1, NVIDIA L40S, 42639 MiB, 46068 MiB, 0 %
2026/08/20 15:07:15.598, 2, NVIDIA L40S, 42639 MiB, 46068 MiB, 0 %
2026/08/20 15:07:16.598, 0, NVIDIA L40S, 17601 MiB, 46068 MiB, 0 %
2026/08/20 15:07:16.599, 1, NVIDIA L40S, 42639 MiB, 46068 MiB, 0 %
2026/08/20 15:07:16.599, 2, NVIDIA L40S, 42639 MiB, 46068 MiB, 0 %
2026/08/20 15:07:17.599, 0, NVIDIA L40S, 17601 MiB, 46068 MiB, 0 %
2026/08/20 15:07:17.599, 1, NVIDIA L40S, 42639 MiB, 46068 MiB, 0 %
2026/08/20 15:07:17.600, 2, NVIDIA L40S, 42639 MiB, 46068 MiB, 0 %
2026/08/20 15:07:18.600, 0, NVIDIA L40S, 17601 MiB, 46068 MiB, 0 %
2026/08/20 15:07:18.600, 1, NVIDIA L40S, 42639 MiB, 46068 MiB, 0 %
2026/08/20 15:07:18.600, 2, NVIDIA L40S, 42639 MiB, 46068 MiB, 0 %
2026/08/20 15:07:19.601, 0, NVIDIA L40S, 17601 MiB, 46068 MiB, 0 %
2026/08/20 15:07:19.601, 1, NVIDIA L40S, 42639 MiB, 46068 MiB, 0 %
2026/08/20 15:07:19.601, 2, NVIDIA L40S, 42639 MiB, 46068 MiB, 0 %
2026/08/20 15:07:20.602, 0, NVIDIA L40S, 17601 MiB, 46068 MiB, 0 %
2026/08/20 15:07:20.602, 1, NVIDIA L40S, 42639 MiB, 46068 MiB, 0 %
2026/08/20 15:07:20.602, 2, NVIDIA L40S, 42639 MiB, 46068 MiB, 0 %
2026/08/20 15:07:21.603, 0, NVIDIA L40S, 17601 MiB, 46068 MiB, 0 %
2026/08/20 15:07:21.603, 1, NVIDIA L40S, 42639 MiB, 46068 MiB, 0 %
2026/08/20 15:07:21.603, 2, NVIDIA L40S, 42639 MiB, 46068 MiB, 0 %
2026/08/20 15:07:22.603, 0, NVIDIA L40S, 17601 MiB, 46068 MiB, 0 %
2026/08/20 15:07:22.604, 1, NVIDIA L40S, 42639 MiB, 46068 MiB, 0 %
2026/08/20 15:07:22.604, 2, NVIDIA L40S, 42639 MiB, 46068 MiB, 0 %
2026/08/20 15:07:23.604, 0, NVIDIA L40S, 17601 MiB, 46068 MiB, 0 %
2026/08/20 15:07:23.605, 1, NVIDIA L40S, 42639 MiB, 46068 MiB, 0 %
2026/08/20 15:07:23.605, 2, NVIDIA L40S, 42639 MiB, 46068 MiB, 0 %
2026/08/20 15:07:24.605, 0, NVIDIA L40S, 17601 MiB, 46068 MiB, 0 %
2026/08/20 15:07:24.605, 1, NVIDIA L40S, 42639 MiB, 46068 MiB, 0 %
2026/08/20 15:07:24.606, 2, NVIDIA L40S, 42639 MiB, 46068 MiB, 0 %
2026/08/20 15:07:25.606, 0, NVIDIA L40S, 17601 MiB, 46068 MiB, 0 %
2026/08/20 15:07:25.607, 1, NVIDIA L40S, 42639 MiB, 46068 MiB, 0 %
2026/08/20 15:07:25.607, 2, NVIDIA L40S, 42639 MiB, 46068 MiB, 0 %
2026/08/20 15:07:26.607, 0, NVIDIA L40S, 17601 MiB, 46068 MiB, 0 %
2026/08/20 15:07:26.608, 1, NVIDIA L40S, 42639 MiB, 46068 MiB, 0 %
2026/08/20 15:07:26.608, 2, NVIDIA L40S, 42639 MiB, 46068 MiB, 0 %
2026/08/20 15:07:27.608, 0, NVIDIA L40S, 17601 MiB, 46068 MiB, 0 %
2026/08/20 15:07:27.609, 1, NVIDIA L40S, 42639 MiB, 46068 MiB, 0 %
2026/08/20 15:07:27.609, 2, NVIDIA L40S, 42639 MiB, 46068 MiB, 0 %
2026/08/20 15:07:28.609, 0, NVIDIA L40S, 17601 MiB, 46068 MiB, 0 %
2026/08/20 15:07:28.609, 1, NVIDIA L40S, 42639 MiB, 46068 MiB, 0 %
2026/08/20 15:07:28.609, 2, NVIDIA L40S, 42639 MiB, 46068 MiB, 0 %
2026/08/20 15:07:29.610, 0, NVIDIA L40S, 17601 MiB, 46068 MiB, 0 %
2026/08/20 15:07:29.610, 1, NVIDIA L40S, 42639 MiB, 46068 MiB, 0 %
2026/08/20 15:07:29.610, 2, NVIDIA L40S, 42639 MiB, 46068 MiB, 0 %
2026/08/20 15:07:30.611, 0, NVIDIA L40S, 17601 MiB, 46068 MiB, 0 %
2026/08/20 15:07:30.611, 1, NVIDIA L40S, 42639 MiB, 46068 MiB, 0 %
2026/08/20 15:07:30.611, 2, NVIDIA L40S, 42639 MiB, 46068 MiB, 0 %
2026/08/20 15:07:31.612, 0, NVIDIA L40S, 17601 MiB, 46068 MiB, 0 %
2026/08/20 15:07:31.612, 1, NVIDIA L40S, 42639 MiB, 46068 MiB, 0 %
2026/08/20 15:07:31.612, 2, NVIDIA L40S, 42639 MiB, 46068 MiB, 0 %
2026/08/20 15:07:32.612, 0, NVIDIA L40S, 17601 MiB, 46068 MiB, 0 %
2026/08/20 15:07:32.613, 1, NVIDIA L40S, 42639 MiB, 46068 MiB, 0 %
2026/08/20 15:07:32.613, 2, NVIDIA L40S, 42639 MiB, 46068 MiB, 0 %
2026/08/20 15:07:33.614, 0, NVIDIA L40S, 17601 MiB, 46068 MiB, 0 %
2026/08/20 15:07:33.614, 1, NVIDIA L40S, 42639 MiB, 46068 MiB, 0 %
2026/08/20 15:07:33.614, 2, NVIDIA L40S, 42639 MiB, 46068 MiB, 0 %
2026/08/20 15:07:34.615, 0, NVIDIA L40S, 17601 MiB, 46068 MiB, 0 %
2026/08/20 15:07:34.615, 1, NVIDIA L40S, 42639 MiB, 46068 MiB, 0 %
2026/08/20 15:07:34.615, 2, NVIDIA L40S, 42639 MiB, 46068 MiB, 0 %
2026/08/20 15:07:35.615, 0, NVIDIA L40S, 17601 MiB, 46068 MiB, 0 %
2026/08/20 15:07:35.616, 1, NVIDIA L40S, 42639 MiB, 46068 MiB, 0 %
2026/08/20 15:07:35.616, 2, NVIDIA L40S, 42639 MiB, 46068 MiB, 0 %
2026/08/20 15:07:36.617, 0, NVIDIA L40S, 17601 MiB, 46068 MiB, 0 %
2026/08/20 15:07:36.617, 1, NVIDIA L40S, 42639 MiB, 46068 MiB, 0 %
2026/08/20 15:07:36.617, 2, NVIDIA L40S, 42639 MiB, 46068 MiB, 0 %
2026/08/20 15:07:37.617, 0, NVIDIA L40S, 17601 MiB, 46068 MiB, 0 %
2026/08/20 15:07:37.618, 1, NVIDIA L40S, 42639 MiB, 46068 MiB, 0 %
2026/08/20 15:07:37.618, 2, NVIDIA L40S, 42639 MiB, 46068 MiB, 0 %
2026/08/20 15:07:38.618, 0, NVIDIA L40S, 17601 MiB, 46068 MiB, 0 %
2026/08/20 15:07:38.619, 1, NVIDIA L40S, 42639 MiB, 46068 MiB, 0 %
2026/08/20 15:07:38.619, 2, NVIDIA L40S, 42639 MiB, 46068 MiB, 0 %
2026/08/20 15:07:39.619, 0, NVIDIA L40S, 17601 MiB, 46068 MiB, 0 %
2026/08/20 15:07:39.619, 1, NVIDIA L40S, 42639 MiB, 46068 MiB, 0 %
2026/08/20 15:07:39.620, 2, NVIDIA L40S, 42639 MiB, 46068 MiB, 0 %
2026/08/20 15:07:40.620, 0, NVIDIA L40S, 17601 MiB, 46068 MiB, 0 %
2026/08/20 15:07:40.620, 1, NVIDIA L40S, 42639 MiB, 46068 MiB, 0 %
2026/08/20 15:07:40.620, 2, NVIDIA L40S, 42639 MiB, 46068 MiB, 0 %
2026/08/20 15:07:41.621, 0, NVIDIA L40S, 17601 MiB, 46068 MiB, 0 %
2026/08/20 15:07:41.621, 1, NVIDIA L40S, 42639 MiB, 46068 MiB, 0 %
2026/08/20 15:07:41.621, 2, NVIDIA L40S, 42639 MiB, 46068 MiB, 0 %
2026/08/20 15:07:42.622, 0, NVIDIA L40S, 17601 MiB, 46068 MiB, 0 %
2026/08/20 15:07:42.622, 1, NVIDIA L40S, 42639 MiB, 46068 MiB, 0 %
2026/08/20 15:07:42.622, 2, NVIDIA L40S, 42639 MiB, 46068 MiB, 0 %
2026/08/20 15:07:43.623, 0, NVIDIA L40S, 17601 MiB, 46068 MiB, 0 %
2026/08/20 15:07:43.623, 1, NVIDIA L40S, 42639 MiB, 46068 MiB, 0 %
2026/08/20 15:07:43.623, 2, NVIDIA L40S, 42639 MiB, 46068 MiB, 0 %
2026/08/20 15:07:44.624, 0, NVIDIA L40S, 17601 MiB, 46068 MiB, 0 %
2026/08/20 15:07:44.624, 1, NVIDIA L40S, 42639 MiB, 46068 MiB, 0 %
2026/08/20 15:07:44.624, 2, NVIDIA L40S, 42639 MiB, 46068 MiB, 0 %
2026/08/20 15:07:45.624, 0, NVIDIA L40S, 17601 MiB, 46068 MiB, 0 %
2026/08/20 15:07:45.625, 1, NVIDIA L40S, 42639 MiB, 46068 MiB, 0 %
2026/08/20 15:07:45.625, 2, NVIDIA L40S, 42639 MiB, 46068 MiB, 0 %
2026/08/20 15:07:46.625, 0, NVIDIA L40S, 17601 MiB, 46068 MiB, 0 %
2026/08/20 15:07:46.625, 1, NVIDIA L40S, 42639 MiB, 46068 MiB, 0 %
2026/08/20 15:07:46.626, 2, NVIDIA L40S, 42639 MiB, 46068 MiB, 0 %
2026/08/20 15:07:47.626, 0, NVIDIA L40S, 17601 MiB, 46068 MiB, 0 %
2026/08/20 15:07:47.626, 1, NVIDIA L40S, 42639 MiB, 46068 MiB, 0 %
2026/08/20 15:07:47.626, 2, NVIDIA L40S, 42639 MiB, 46068 MiB, 0 %
2026/08/20 15:07:48.627, 0, NVIDIA L40S, 17601 MiB, 46068 MiB, 0 %
2026/08/20 15:07:48.627, 1, NVIDIA L40S, 42639 MiB, 46068 MiB, 0 %
2026/08/20 15:07:48.627, 2, NVIDIA L40S, 42639 MiB, 46068 MiB, 0 %
2026/08/20 15:07:49.628, 0, NVIDIA L40S, 17601 MiB, 46068 MiB, 0 %
2026/08/20 15:07:49.628, 1, NVIDIA L40S, 42639 MiB, 46068 MiB, 0 %
2026/08/20 15:07:49.628, 2, NVIDIA L40S, 42639 MiB, 46068 MiB, 0 %
2026/08/20 15:07:50.628, 0, NVIDIA L40S, 17601 MiB, 46068 MiB, 0 %
2026/08/20 15:07:50.629, 1, NVIDIA L40S, 42639 MiB, 46068 MiB, 0 %
2026/08/20 15:07:50.629, 2, NVIDIA L40S, 42639 MiB, 46068 MiB, 0 %
2026/08/20 15:07:51.629, 0, NVIDIA L40S, 17601 MiB, 46068 MiB, 0 %
2026/08/20 15:07:51.629, 1, NVIDIA L40S, 42639 MiB, 46068 MiB, 0 %
2026/08/20 15:07:51.629, 2, NVIDIA L40S, 42639 MiB, 46068 MiB, 0 %
2026/08/20 15:07:52.630, 0, NVIDIA L40S, 17601 MiB, 46068 MiB, 0 %
2026/08/20 15:07:52.630, 1, NVIDIA L40S, 42639 MiB, 46068 MiB, 0 %
2026/08/20 15:07:52.630, 2, NVIDIA L40S, 42639 MiB, 46068 MiB, 0 %
2026/08/20 15:07:53.630, 0, NVIDIA L40S, 17601 MiB, 46068 MiB, 0 %
2026/08/20 15:07:53.631, 1, NVIDIA L40S, 42639 MiB, 46068 MiB, 0 %
2026/08/20 15:07:53.631, 2, NVIDIA L40S, 42639 MiB, 46068 MiB, 0 %
2026/08/20 15:07:54.631, 0, NVIDIA L40S, 17601 MiB, 46068 MiB, 0 %
2026/08/20 15:07:54.632, 1, NVIDIA L40S, 42639 MiB, 46068 MiB, 0 %
2026/08/20 15:07:54.632, 2, NVIDIA L40S, 42639 MiB, 46068 MiB, 0 %
2026/08/20 15:07:55.632, 0, NVIDIA L40S, 17601 MiB, 46068 MiB, 0 %
2026/08/20 15:07:55.633, 1, NVIDIA L40S, 42639 MiB, 46068 MiB, 0 %
2026/08/20 15:07:55.633, 2, NVIDIA L40S, 42639 MiB, 46068 MiB, 0 %
2026/08/20 15:07:56.633, 0, NVIDIA L40S, 17601 MiB, 46068 MiB, 0 %
2026/08/20 15:07:56.633, 1, NVIDIA L40S, 42639 MiB, 46068 MiB, 0 %
2026/08/20 15:07:56.633, 2, NVIDIA L40S, 42639 MiB, 46068 MiB, 0 %
2026/08/20 15:07:57.634, 0, NVIDIA L40S, 17601 MiB, 46068 MiB, 0 %
2026/08/20 15:07:57.634, 1, NVIDIA L40S, 42639 MiB, 46068 MiB, 0 %
2026/08/20 15:07:57.634, 2, NVIDIA L40S, 42639 MiB, 46068 MiB, 0 %
2026/08/20 15:07:58.635, 0, NVIDIA L40S, 17601 MiB, 46068 MiB, 0 %
2026/08/20 15:07:58.635, 1, NVIDIA L40S, 42639 MiB, 46068 MiB, 0 %
2026/08/20 15:07:58.635, 2, NVIDIA L40S, 42639 MiB, 46068 MiB, 0 %
2026/08/20 15:07:59.635, 0, NVIDIA L40S, 17601 MiB, 46068 MiB, 0 %
2026/08/20 15:07:59.636, 1, NVIDIA L40S, 42639 MiB, 46068 MiB, 0 %
2026/08/20 15:07:59.636, 2, NVIDIA L40S, 42639 MiB, 46068 MiB, 0 %
2026/08/20 15:08:00.636, 0, NVIDIA L40S, 17601 MiB, 46068 MiB, 0 %
2026/08/20 15:08:00.637, 1, NVIDIA L40S, 42639 MiB, 46068 MiB, 0 %
2026/08/20 15:08:00.637, 2, NVIDIA L40S, 42639 MiB, 46068 MiB, 0 %
2026/08/20 15:08:01.637, 0, NVIDIA L40S, 17601 MiB, 46068 MiB, 0 %
2026/08/20 15:08:01.637, 1, NVIDIA L40S, 42639 MiB, 46068 MiB, 0 %
2026/08/20 15:08:01.637, 2, NVIDIA L40S, 42639 MiB, 46068 MiB, 0 %
2026/08/20 15:08:02.638, 0, NVIDIA L40S, 17601 MiB, 46068 MiB, 0 %
2026/08/20 15:08:02.638, 1, NVIDIA L40S, 42639 MiB, 46068 MiB, 0 %
2026/08/20 15:08:02.638, 2, NVIDIA L40S, 42639 MiB, 46068 MiB, 0 %
2026/08/20 15:08:03.639, 0, NVIDIA L40S, 17601 MiB, 46068 MiB, 0 %
2026/08/20 15:08:03.639, 1, NVIDIA L40S, 42639 MiB, 46068 MiB, 0 %
2026/08/20 15:08:03.639, 2, NVIDIA L40S, 42639 MiB, 46068 MiB, 0 %
2026/08/20 15:08:04.639, 0, NVIDIA L40S, 17601 MiB, 46068 MiB, 0 %
2026/08/20 15:08:04.640, 1, NVIDIA L40S, 42639 MiB, 46068 MiB, 0 %
2026/08/20 15:08:04.640, 2, NVIDIA L40S, 42639 MiB, 46068 MiB, 0 %
2026/08/20 15:08:05.640, 0, NVIDIA L40S, 17601 MiB, 46068 MiB, 0 %
2026/08/20 15:08:05.640, 1, NVIDIA L40S, 42639 MiB, 46068 MiB, 0 %
2026/08/20 15:08:05.640, 2, NVIDIA L40S, 42639 MiB, 46068 MiB, 0 %
2026/08/20 15:08:06.641, 0, NVIDIA L40S, 17601 MiB, 46068 MiB, 0 %
2026/08/20 15:08:06.641, 1, NVIDIA L40S, 42639 MiB, 46068 MiB, 0 %
2026/08/20 15:08:06.641, 2, NVIDIA L40S, 42639 MiB, 46068 MiB, 0 %
2026/08/20 15:08:07.642, 0, NVIDIA L40S, 17601 MiB, 46068 MiB, 0 %
2026/08/20 15:08:07.642, 1, NVIDIA L40S, 42639 MiB, 46068 MiB, 0 %
2026/08/20 15:08:07.642, 2, NVIDIA L40S, 42639 MiB, 46068 MiB, 0 %
2026/08/20 15:08:08.643, 0, NVIDIA L40S, 17601 MiB, 46068 MiB, 0 %
2026/08/20 15:08:08.643, 1, NVIDIA L40S, 42639 MiB, 46068 MiB, 0 %
2026/08/20 15:08:08.643, 2, NVIDIA L40S, 42639 MiB, 46068 MiB, 0 %
2026/08/20 15:08:09.643, 0, NVIDIA L40S, 17601 MiB, 46068 MiB, 0 %
2026/08/20 15:08:09.644, 1, NVIDIA L40S, 42639 MiB, 46068 MiB, 0 %
2026/08/20 15:08:09.644, 2, NVIDIA L40S, 42639 MiB, 46068 MiB, 0 %
2026/08/20 15:08:10.644, 0, NVIDIA L40S, 17601 MiB, 46068 MiB, 0 %
2026/08/20 15:08:10.645, 1, NVIDIA L40S, 42639 MiB, 46068 MiB, 0 %
2026/08/20 15:08:10.645, 2, NVIDIA L40S, 42639 MiB, 46068 MiB, 0 %
2026/08/20 15:08:11.645, 0, NVIDIA L40S, 17601 MiB, 46068 MiB, 0 %
2026/08/20 15:08:11.645, 1, NVIDIA L40S, 42639 MiB, 46068 MiB, 0 %
2026/08/20 15:08:11.646, 2, NVIDIA L40S, 42639 MiB, 46068 MiB, 0 %
2026/08/20 15:08:12.646, 0, NVIDIA L40S, 17601 MiB, 46068 MiB, 0 %
2026/08/20 15:08:12.646, 1, NVIDIA L40S, 42639 MiB, 46068 MiB, 0 %
2026/08/20 15:08:12.646, 2, NVIDIA L40S, 42639 MiB, 46068 MiB, 0 %
2026/08/20 15:08:13.647, 0, NVIDIA L40S, 17601 MiB, 46068 MiB, 0 %
2026/08/20 15:08:13.647, 1, NVIDIA L40S, 42639 MiB, 46068 MiB, 0 %
2026/08/20 15:08:13.647, 2, NVIDIA L40S, 42639 MiB, 46068 MiB, 0 %
2026/08/20 15:08:14.648, 0, NVIDIA L40S, 17601 MiB, 46068 MiB, 0 %
2026/08/20 15:08:14.648, 1, NVIDIA L40S, 42639 MiB, 46068 MiB, 0 %
2026/08/20 15:08:14.648, 2, NVIDIA L40S, 42639 MiB, 46068 MiB, 0 %
2026/08/20 15:08:15.649, 0, NVIDIA L40S, 17601 MiB, 46068 MiB, 0 %
2026/08/20 15:08:15.649, 1, NVIDIA L40S, 42639 MiB, 46068 MiB, 0 %
2026/08/20 15:08:15.649, 2, NVIDIA L40S, 42639 MiB, 46068 MiB, 0 %
2026/08/20 15:08:16.650, 0, NVIDIA L40S, 17601 MiB, 46068 MiB, 0 %
2026/08/20 15:08:16.650, 1, NVIDIA L40S, 42639 MiB, 46068 MiB, 0 %
2026/08/20 15:08:16.650, 2, NVIDIA L40S, 42639 MiB, 46068 MiB, 0 %
2026/08/20 15:08:17.651, 0, NVIDIA L40S, 17601 MiB, 46068 MiB, 0 %
2026/08/20 15:08:17.651, 1, NVIDIA L40S, 42639 MiB, 46068 MiB, 0 %
2026/08/20 15:08:17.651, 2, NVIDIA L40S, 42639 MiB, 46068 MiB, 0 %
2026/08/20 15:08:18.651, 0, NVIDIA L40S, 17601 MiB, 46068 MiB, 0 %
2026/08/20 15:08:18.652, 1, NVIDIA L40S, 42639 MiB, 46068 MiB, 0 %
2026/08/20 15:08:18.652, 2, NVIDIA L40S, 42639 MiB, 46068 MiB, 0 %
2026/08/20 15:08:19.653, 0, NVIDIA L40S, 17601 MiB, 46068 MiB, 0 %
2026/08/20 15:08:19.653, 1, NVIDIA L40S, 42639 MiB, 46068 MiB, 0 %
2026/08/20 15:08:19.653, 2, NVIDIA L40S, 42639 MiB, 46068 MiB, 0 %
2026/08/20 15:08:20.653, 0, NVIDIA L40S, 17601 MiB, 46068 MiB, 0 %
2026/08/20 15:08:20.654, 1, NVIDIA L40S, 42639 MiB, 46068 MiB, 0 %
2026/08/20 15:08:20.654, 2, NVIDIA L40S, 42639 MiB, 46068 MiB, 0 %
2026/08/20 15:08:21.654, 0, NVIDIA L40S, 17601 MiB, 46068 MiB, 0 %
2026/08/20 15:08:21.655, 1, NVIDIA L40S, 42639 MiB, 46068 MiB, 0 %
2026/08/20 15:08:21.655, 2, NVIDIA L40S, 42639 MiB, 46068 MiB, 0 %
2026/08/20 15:08:22.655, 0, NVIDIA L40S, 17601 MiB, 46068 MiB, 0 %
2026/08/20 15:08:22.656, 1, NVIDIA L40S, 42639 MiB, 46068 MiB, 0 %
2026/08/20 15:08:22.656, 2, NVIDIA L40S, 42639 MiB, 46068 MiB, 0 %
2026/08/20 15:08:23.656, 0, NVIDIA L40S, 17601 MiB, 46068 MiB, 0 %
2026/08/20 15:08:23.657, 1, NVIDIA L40S, 42639 MiB, 46068 MiB, 0 %
2026/08/20 15:08:23.657, 2, NVIDIA L40S, 42639 MiB, 46068 MiB, 0 %
2026/08/20 15:08:24.657, 0, NVIDIA L40S, 17601 MiB, 46068 MiB, 0 %
2026/08/20 15:08:24.658, 1, NVIDIA L40S, 42639 MiB, 46068 MiB, 0 %
2026/08/20 15:08:24.658, 2, NVIDIA L40S, 42639 MiB, 46068 MiB, 0 %
2026/08/20 15:08:25.658, 0, NVIDIA L40S, 17601 MiB, 46068 MiB, 0 %
2026/08/20 15:08:25.658, 1, NVIDIA L40S, 42639 MiB, 46068 MiB, 0 %
2026/08/20 15:08:25.658, 2, NVIDIA L40S, 42639 MiB, 46068 MiB, 0 %
2026/08/20 15:08:26.659, 0, NVIDIA L40S, 17601 MiB, 46068 MiB, 0 %
2026/08/20 15:08:26.659, 1, NVIDIA L40S, 42639 MiB, 46068 MiB, 0 %
2026/08/20 15:08:26.659, 2, NVIDIA L40S, 42639 MiB, 46068 MiB, 0 %
2026/08/20 15:08:27.660, 0, NVIDIA L40S, 17601 MiB, 46068 MiB, 0 %
2026/08/20 15:08:27.660, 1, NVIDIA L40S, 42639 MiB, 46068 MiB, 0 %
2026/08/20 15:08:27.660, 2, NVIDIA L40S, 42639 MiB, 46068 MiB, 0 %
2026/08/20 15:08:28.661, 0, NVIDIA L40S, 17601 MiB, 46068 MiB, 0 %
2026/08/20 15:08:28.661, 1, NVIDIA L40S, 42639 MiB, 46068 MiB, 0 %
2026/08/20 15:08:28.661, 2, NVIDIA L40S, 42639 MiB, 46068 MiB, 0 %
2026/08/20 15:08:29.662, 0, NVIDIA L40S, 17601 MiB, 46068 MiB, 0 %
2026/08/20 15:08:29.662, 1, NVIDIA L40S, 42639 MiB, 46068 MiB, 0 %
2026/08/20 15:08:29.662, 2, NVIDIA L40S, 42639 MiB, 46068 MiB, 0 %
2026/08/20 15:08:30.663, 0, NVIDIA L40S, 17601 MiB, 46068 MiB, 0 %
2026/08/20 15:08:30.663, 1, NVIDIA L40S, 42639 MiB, 46068 MiB, 0 %
2026/08/20 15:08:30.663, 2, NVIDIA L40S, 42639 MiB, 46068 MiB, 0 %
2026/08/20 15:08:31.663, 0, NVIDIA L40S, 17601 MiB, 46068 MiB, 0 %
2026/08/20 15:08:31.664, 1, NVIDIA L40S, 42639 MiB, 46068 MiB, 0 %
2026/08/20 15:08:31.664, 2, NVIDIA L40S, 42639 MiB, 46068 MiB, 0 %
2026/08/20 15:08:32.664, 0, NVIDIA L40S, 17601 MiB, 46068 MiB, 0 %
2026/08/20 15:08:32.665, 1, NVIDIA L40S, 42639 MiB, 46068 MiB, 0 %
2026/08/20 15:08:32.665, 2, NVIDIA L40S, 42639 MiB, 46068 MiB, 0 %
2026/08/20 15:08:33.665, 0, NVIDIA L40S, 17601 MiB, 46068 MiB, 0 %
2026/08/20 15:08:33.666, 1, NVIDIA L40S, 42639 MiB, 46068 MiB, 0 %
2026/08/20 15:08:33.666, 2, NVIDIA L40S, 42639 MiB, 46068 MiB, 0 %
2026/08/20 15:08:34.666, 0, NVIDIA L40S, 17601 MiB, 46068 MiB, 0 %
2026/08/20 15:08:34.667, 1, NVIDIA L40S, 42639 MiB, 46068 MiB, 0 %
2026/08/20 15:08:34.667, 2, NVIDIA L40S, 42639 MiB, 46068 MiB, 0 %
2026/08/20 15:08:35.667, 0, NVIDIA L40S, 17601 MiB, 46068 MiB, 0 %
2026/08/20 15:08:35.668, 1, NVIDIA L40S, 42639 MiB, 46068 MiB, 0 %
2026/08/20 15:08:35.668, 2, NVIDIA L40S, 42639 MiB, 46068 MiB, 0 %
2026/08/20 15:08:36.668, 0, NVIDIA L40S, 17601 MiB, 46068 MiB, 0 %
2026/08/20 15:08:36.668, 1, NVIDIA L40S, 42639 MiB, 46068 MiB, 0 %
2026/08/20 15:08:36.669, 2, NVIDIA L40S, 42639 MiB, 46068 MiB, 0 %
2026/08/20 15:08:37.669, 0, NVIDIA L40S, 17601 MiB, 46068 MiB, 0 %
2026/08/20 15:08:37.669, 1, NVIDIA L40S, 42639 MiB, 46068 MiB, 0 %
2026/08/20 15:08:37.670, 2, NVIDIA L40S, 42639 MiB, 46068 MiB, 0 %
2026/08/20 15:08:38.670, 0, NVIDIA L40S, 17601 MiB, 46068 MiB, 0 %
2026/08/20 15:08:38.670, 1, NVIDIA L40S, 42639 MiB, 46068 MiB, 0 %
2026/08/20 15:08:38.670, 2, NVIDIA L40S, 42639 MiB, 46068 MiB, 0 %
2026/08/20 15:08:39.671, 0, NVIDIA L40S, 17601 MiB, 46068 MiB, 0 %
2026/08/20 15:08:39.671, 1, NVIDIA L40S, 42639 MiB, 46068 MiB, 0 %
2026/08/20 15:08:39.671, 2, NVIDIA L40S, 42639 MiB, 46068 MiB, 0 %
2026/08/20 15:08:40.671, 0, NVIDIA L40S, 17601 MiB, 46068 MiB, 0 %
2026/08/20 15:08:40.672, 1, NVIDIA L40S, 42639 MiB, 46068 MiB, 0 %
2026/08/20 15:08:40.672, 2, NVIDIA L40S, 42639 MiB, 46068 MiB, 0 %
2026/08/20 15:08:41.672, 0, NVIDIA L40S, 17601 MiB, 46068 MiB, 0 %
2026/08/20 15:08:41.672, 1, NVIDIA L40S, 42639 MiB, 46068 MiB, 0 %
2026/08/20 15:08:41.672, 2, NVIDIA L40S, 42639 MiB, 46068 MiB, 0 %
2026/08/20 15:08:42.673, 0, NVIDIA L40S, 17601 MiB, 46068 MiB, 0 %
2026/08/20 15:08:42.673, 1, NVIDIA L40S, 42639 MiB, 46068 MiB, 0 %
2026/08/20 15:08:42.673, 2, NVIDIA L40S, 42639 MiB, 46068 MiB, 0 %
2026/08/20 15:08:43.674, 0, NVIDIA L40S, 17601 MiB, 46068 MiB, 0 %
2026/08/20 15:08:43.674, 1, NVIDIA L40S, 42639 MiB, 46068 MiB, 0 %
2026/08/20 15:08:43.674, 2, NVIDIA L40S, 42639 MiB, 46068 MiB, 0 %
2026/08/20 15:08:44.674, 0, NVIDIA L40S, 17601 MiB, 46068 MiB, 0 %
2026/08/20 15:08:44.675, 1, NVIDIA L40S, 42639 MiB, 46068 MiB, 0 %
2026/08/20 15:08:44.675, 2, NVIDIA L40S, 42639 MiB, 46068 MiB, 0 %
2026/08/20 15:08:45.676, 0, NVIDIA L40S, 17601 MiB, 46068 MiB, 0 %
2026/08/20 15:08:45.676, 1, NVIDIA L40S, 42639 MiB, 46068 MiB, 0 %
2026/08/20 15:08:45.676, 2, NVIDIA L40S, 42639 MiB, 46068 MiB, 0 %
2026/08/20 15:08:46.676, 0, NVIDIA L40S, 17601 MiB, 46068 MiB, 0 %
2026/08/20 15:08:46.677, 1, NVIDIA L40S, 42639 MiB, 46068 MiB, 0 %
2026/08/20 15:08:46.677, 2, NVIDIA L40S, 42639 MiB, 46068 MiB, 0 %
2026/08/20 15:08:47.677, 0, NVIDIA L40S, 17601 MiB, 46068 MiB, 0 %
2026/08/20 15:08:47.677, 1, NVIDIA L40S, 42639 MiB, 46068 MiB, 0 %
2026/08/20 15:08:47.678, 2, NVIDIA L40S, 42639 MiB, 46068 MiB, 0 %
2026/08/20 15:08:48.678, 0, NVIDIA L40S, 17601 MiB, 46068 MiB, 0 %
2026/08/20 15:08:48.678, 1, NVIDIA L40S, 42639 MiB, 46068 MiB, 0 %
2026/08/20 15:08:48.678, 2, NVIDIA L40S, 42639 MiB, 46068 MiB, 0 %
2026/08/20 15:08:49.678, 0, NVIDIA L40S, 17601 MiB, 46068 MiB, 0 %
2026/08/20 15:08:49.679, 1, NVIDIA L40S, 42639 MiB, 46068 MiB, 0 %
2026/08/20 15:08:49.679, 2, NVIDIA L40S, 42639 MiB, 46068 MiB, 0 %
2026/08/20 15:08:50.679, 0, NVIDIA L40S, 17601 MiB, 46068 MiB, 0 %
2026/08/20 15:08:50.680, 1, NVIDIA L40S, 42639 MiB, 46068 MiB, 0 %
2026/08/20 15:08:50.680, 2, NVIDIA L40S, 42639 MiB, 46068 MiB, 0 %
2026/08/20 15:08:51.680, 0, NVIDIA L40S, 17601 MiB, 46068 MiB, 0 %
2026/08/20 15:08:51.680, 1, NVIDIA L40S, 42639 MiB, 46068 MiB, 0 %
2026/08/20 15:08:51.681, 2, NVIDIA L40S, 42639 MiB, 46068 MiB, 0 %
2026/08/20 15:08:52.681, 0, NVIDIA L40S, 17601 MiB, 46068 MiB, 0 %
2026/08/20 15:08:52.681, 1, NVIDIA L40S, 42639 MiB, 46068 MiB, 0 %
2026/08/20 15:08:52.681, 2, NVIDIA L40S, 42639 MiB, 46068 MiB, 0 %
2026/08/20 15:08:53.682, 0, NVIDIA L40S, 17601 MiB, 46068 MiB, 0 %
2026/08/20 15:08:53.682, 1, NVIDIA L40S, 42639 MiB, 46068 MiB, 0 %
2026/08/20 15:08:53.682, 2, NVIDIA L40S, 42639 MiB, 46068 MiB, 0 %
2026/08/20 15:08:54.683, 0, NVIDIA L40S, 17601 MiB, 46068 MiB, 0 %
2026/08/20 15:08:54.683, 1, NVIDIA L40S, 42639 MiB, 46068 MiB, 0 %
2026/08/20 15:08:54.683, 2, NVIDIA L40S, 42639 MiB, 46068 MiB, 0 %
2026/08/20 15:08:55.683, 0, NVIDIA L40S, 17601 MiB, 46068 MiB, 0 %
2026/08/20 15:08:55.684, 1, NVIDIA L40S, 42639 MiB, 46068 MiB, 0 %
2026/08/20 15:08:55.684, 2, NVIDIA L40S, 42639 MiB, 46068 MiB, 0 %
2026/08/20 15:08:56.684, 0, NVIDIA L40S, 17601 MiB, 46068 MiB, 0 %
2026/08/20 15:08:56.684, 1, NVIDIA L40S, 42639 MiB, 46068 MiB, 0 %
2026/08/20 15:08:56.684, 2, NVIDIA L40S, 42639 MiB, 46068 MiB, 0 %
2026/08/20 15:08:57.685, 0, NVIDIA L40S, 17601 MiB, 46068 MiB, 0 %
2026/08/20 15:08:57.685, 1, NVIDIA L40S, 42639 MiB, 46068 MiB, 0 %
2026/08/20 15:08:57.685, 2, NVIDIA L40S, 42639 MiB, 46068 MiB, 0 %
2026/08/20 15:08:58.686, 0, NVIDIA L40S, 17601 MiB, 46068 MiB, 0 %
2026/08/20 15:08:58.686, 1, NVIDIA L40S, 42639 MiB, 46068 MiB, 0 %
2026/08/20 15:08:58.686, 2, NVIDIA L40S, 42639 MiB, 46068 MiB, 0 %
2026/08/20 15:08:59.687, 0, NVIDIA L40S, 17601 MiB, 46068 MiB, 0 %
2026/08/20 15:08:59.687, 1, NVIDIA L40S, 42639 MiB, 46068 MiB, 0 %
2026/08/20 15:08:59.687, 2, NVIDIA L40S, 42639 MiB, 46068 MiB, 0 %
2026/08/20 15:09:00.687, 0, NVIDIA L40S, 17601 MiB, 46068 MiB, 0 %
2026/08/20 15:09:00.688, 1, NVIDIA L40S, 42639 MiB, 46068 MiB, 0 %
2026/08/20 15:09:00.688, 2, NVIDIA L40S, 42639 MiB, 46068 MiB, 0 %
2026/08/20 15:09:01.688, 0, NVIDIA L40S, 17601 MiB, 46068 MiB, 0 %
2026/08/20 15:09:01.688, 1, NVIDIA L40S, 42639 MiB, 46068 MiB, 0 %
2026/08/20 15:09:01.689, 2, NVIDIA L40S, 42639 MiB, 46068 MiB, 0 %
2026/08/20 15:09:02.689, 0, NVIDIA L40S, 17601 MiB, 46068 MiB, 0 %
2026/08/20 15:09:02.690, 1, NVIDIA L40S, 42639 MiB, 46068 MiB, 0 %
2026/08/20 15:09:02.690, 2, NVIDIA L40S, 42639 MiB, 46068 MiB, 0 %
2026/08/20 15:09:03.690, 0, NVIDIA L40S, 17601 MiB, 46068 MiB, 0 %
2026/08/20 15:09:03.691, 1, NVIDIA L40S, 42639 MiB, 46068 MiB, 0 %
2026/08/20 15:09:03.691, 2, NVIDIA L40S, 42639 MiB, 46068 MiB, 0 %
2026/08/20 15:09:04.691, 0, NVIDIA L40S, 17601 MiB, 46068 MiB, 0 %
2026/08/20 15:09:04.692, 1, NVIDIA L40S, 42639 MiB, 46068 MiB, 0 %
2026/08/20 15:09:04.692, 2, NVIDIA L40S, 42639 MiB, 46068 MiB, 0 %
2026/08/20 15:09:05.692, 0, NVIDIA L40S, 17601 MiB, 46068 MiB, 0 %
2026/08/20 15:09:05.693, 1, NVIDIA L40S, 42639 MiB, 46068 MiB, 0 %
2026/08/20 15:09:05.693, 2, NVIDIA L40S, 42639 MiB, 46068 MiB, 0 %
2026/08/20 15:09:06.693, 0, NVIDIA L40S, 17601 MiB, 46068 MiB, 0 %
2026/08/20 15:09:06.693, 1, NVIDIA L40S, 42639 MiB, 46068 MiB, 0 %
2026/08/20 15:09:06.694, 2, NVIDIA L40S, 42639 MiB, 46068 MiB, 0 %
2026/08/20 15:09:07.694, 0, NVIDIA L40S, 17601 MiB, 46068 MiB, 0 %
2026/08/20 15:09:07.694, 1, NVIDIA L40S, 42639 MiB, 46068 MiB, 0 %
2026/08/20 15:09:07.695, 2, NVIDIA L40S, 42639 MiB, 46068 MiB, 0 %
2026/08/20 15:09:08.695, 0, NVIDIA L40S, 17601 MiB, 46068 MiB, 0 %
2026/08/20 15:09:08.695, 1, NVIDIA L40S, 42639 MiB, 46068 MiB, 0 %
2026/08/20 15:09:08.696, 2, NVIDIA L40S, 42639 MiB, 46068 MiB, 0 %
2026/08/20 15:09:09.696, 0, NVIDIA L40S, 17601 MiB, 46068 MiB, 0 %
2026/08/20 15:09:09.696, 1, NVIDIA L40S, 42639 MiB, 46068 MiB, 0 %
2026/08/20 15:09:09.697, 2, NVIDIA L40S, 42639 MiB, 46068 MiB, 0 %
2026/08/20 15:09:10.697, 0, NVIDIA L40S, 17601 MiB, 46068 MiB, 0 %
2026/08/20 15:09:10.697, 1, NVIDIA L40S, 42639 MiB, 46068 MiB, 0 %
2026/08/20 15:09:10.697, 2, NVIDIA L40S, 42639 MiB, 46068 MiB, 0 %
2026/08/20 15:09:11.698, 0, NVIDIA L40S, 17601 MiB, 46068 MiB, 0 %
2026/08/20 15:09:11.698, 1, NVIDIA L40S, 42639 MiB, 46068 MiB, 0 %
2026/08/20 15:09:11.698, 2, NVIDIA L40S, 42639 MiB, 46068 MiB, 0 %
2026/08/20 15:09:12.699, 0, NVIDIA L40S, 17601 MiB, 46068 MiB, 0 %
2026/08/20 15:09:12.699, 1, NVIDIA L40S, 42639 MiB, 46068 MiB, 0 %
2026/08/20 15:09:12.699, 2, NVIDIA L40S, 42639 MiB, 46068 MiB, 0 %
2026/08/20 15:09:13.700, 0, NVIDIA L40S, 17601 MiB, 46068 MiB, 0 %
2026/08/20 15:09:13.700, 1, NVIDIA L40S, 42639 MiB, 46068 MiB, 0 %
2026/08/20 15:09:13.700, 2, NVIDIA L40S, 42639 MiB, 46068 MiB, 0 %
2026/08/20 15:09:14.700, 0, NVIDIA L40S, 17601 MiB, 46068 MiB, 0 %
2026/08/20 15:09:14.701, 1, NVIDIA L40S, 42639 MiB, 46068 MiB, 0 %
2026/08/20 15:09:14.701, 2, NVIDIA L40S, 42639 MiB, 46068 MiB, 0 %
2026/08/20 15:09:15.701, 0, NVIDIA L40S, 17601 MiB, 46068 MiB, 0 %
2026/08/20 15:09:15.702, 1, NVIDIA L40S, 42639 MiB, 46068 MiB, 0 %
2026/08/20 15:09:15.702, 2, NVIDIA L40S, 42639 MiB, 46068 MiB, 0 %
2026/08/20 15:09:16.702, 0, NVIDIA L40S, 17601 MiB, 46068 MiB, 0 %
2026/08/20 15:09:16.703, 1, NVIDIA L40S, 42639 MiB, 46068 MiB, 0 %
2026/08/20 15:09:16.703, 2, NVIDIA L40S, 42639 MiB, 46068 MiB, 0 %
2026/08/20 15:09:17.703, 0, NVIDIA L40S, 17601 MiB, 46068 MiB, 0 %
2026/08/20 15:09:17.703, 1, NVIDIA L40S, 42639 MiB, 46068 MiB, 0 %
2026/08/20 15:09:17.704, 2, NVIDIA L40S, 42639 MiB, 46068 MiB, 0 %
2026/08/20 15:09:18.704, 0, NVIDIA L40S, 17601 MiB, 46068 MiB, 0 %
2026/08/20 15:09:18.704, 1, NVIDIA L40S, 42639 MiB, 46068 MiB, 0 %
2026/08/20 15:09:18.705, 2, NVIDIA L40S, 42639 MiB, 46068 MiB, 0 %
2026/08/20 15:09:19.705, 0, NVIDIA L40S, 17601 MiB, 46068 MiB, 0 %
2026/08/20 15:09:19.705, 1, NVIDIA L40S, 42639 MiB, 46068 MiB, 0 %
2026/08/20 15:09:19.705, 2, NVIDIA L40S, 42639 MiB, 46068 MiB, 0 %
2026/08/20 15:09:20.706, 0, NVIDIA L40S, 17601 MiB, 46068 MiB, 0 %
2026/08/20 15:09:20.706, 1, NVIDIA L40S, 42639 MiB, 46068 MiB, 0 %
2026/08/20 15:09:20.706, 2, NVIDIA L40S, 42639 MiB, 46068 MiB, 0 %
2026/08/20 15:09:21.707, 0, NVIDIA L40S, 17601 MiB, 46068 MiB, 0 %
2026/08/20 15:09:21.707, 1, NVIDIA L40S, 42639 MiB, 46068 MiB, 0 %
2026/08/20 15:09:21.707, 2, NVIDIA L40S, 42639 MiB, 46068 MiB, 0 %
2026/08/20 15:09:22.707, 0, NVIDIA L40S, 17601 MiB, 46068 MiB, 0 %
2026/08/20 15:09:22.707, 1, NVIDIA L40S, 42639 MiB, 46068 MiB, 0 %
2026/08/20 15:09:22.707, 2, NVIDIA L40S, 42639 MiB, 46068 MiB, 0 %
2026/08/20 15:09:23.708, 0, NVIDIA L40S, 17601 MiB, 46068 MiB, 0 %
2026/08/20 15:09:23.708, 1, NVIDIA L40S, 42639 MiB, 46068 MiB, 0 %
2026/08/20 15:09:23.708, 2, NVIDIA L40S, 42639 MiB, 46068 MiB, 0 %
2026/08/20 15:09:24.708, 0, NVIDIA L40S, 17601 MiB, 46068 MiB, 0 %
2026/08/20 15:09:24.709, 1, NVIDIA L40S, 42639 MiB, 46068 MiB, 0 %
2026/08/20 15:09:24.709, 2, NVIDIA L40S, 42639 MiB, 46068 MiB, 0 %
2026/08/20 15:09:25.709, 0, NVIDIA L40S, 17601 MiB, 46068 MiB, 0 %
2026/08/20 15:09:25.710, 1, NVIDIA L40S, 42639 MiB, 46068 MiB, 0 %
2026/08/20 15:09:25.710, 2, NVIDIA L40S, 42639 MiB, 46068 MiB, 0 %
2026/08/20 15:09:26.710, 0, NVIDIA L40S, 17601 MiB, 46068 MiB, 0 %
2026/08/20 15:09:26.710, 1, NVIDIA L40S, 42639 MiB, 46068 MiB, 0 %
2026/08/20 15:09:26.710, 2, NVIDIA L40S, 42639 MiB, 46068 MiB, 0 %
2026/08/20 15:09:27.711, 0, NVIDIA L40S, 17601 MiB, 46068 MiB, 0 %
2026/08/20 15:09:27.711, 1, NVIDIA L40S, 42639 MiB, 46068 MiB, 0 %
2026/08/20 15:09:27.711, 2, NVIDIA L40S, 42639 MiB, 46068 MiB, 0 %
2026/08/20 15:09:28.711, 0, NVIDIA L40S, 17601 MiB, 46068 MiB, 0 %
2026/08/20 15:09:28.711, 1, NVIDIA L40S, 42639 MiB, 46068 MiB, 0 %
2026/08/20 15:09:28.712, 2, NVIDIA L40S, 42639 MiB, 46068 MiB, 0 %
2026/08/20 15:09:29.712, 0, NVIDIA L40S, 17601 MiB, 46068 MiB, 0 %
2026/08/20 15:09:29.712, 1, NVIDIA L40S, 42639 MiB, 46068 MiB, 0 %
2026/08/20 15:09:29.712, 2, NVIDIA L40S, 42639 MiB, 46068 MiB, 0 %
2026/08/20 15:09:30.712, 0, NVIDIA L40S, 17601 MiB, 46068 MiB, 0 %
2026/08/20 15:09:30.713, 1, NVIDIA L40S, 42639 MiB, 46068 MiB, 0 %
2026/08/20 15:09:30.713, 2, NVIDIA L40S, 42639 MiB, 46068 MiB, 0 %
2026/08/20 15:09:31.713, 0, NVIDIA L40S, 17601 MiB, 46068 MiB, 0 %
2026/08/20 15:09:31.713, 1, NVIDIA L40S, 42639 MiB, 46068 MiB, 0 %
2026/08/20 15:09:31.713, 2, NVIDIA L40S, 42639 MiB, 46068 MiB, 0 %
2026/08/20 15:09:32.713, 0, NVIDIA L40S, 17601 MiB, 46068 MiB, 0 %
2026/08/20 15:09:32.714, 1, NVIDIA L40S, 42639 MiB, 46068 MiB, 0 %
2026/08/20 15:09:32.714, 2, NVIDIA L40S, 42639 MiB, 46068 MiB, 0 %
2026/08/20 15:09:33.714, 0, NVIDIA L40S, 17601 MiB, 46068 MiB, 0 %
2026/08/20 15:09:33.715, 1, NVIDIA L40S, 42639 MiB, 46068 MiB, 0 %
2026/08/20 15:09:33.715, 2, NVIDIA L40S, 42639 MiB, 46068 MiB, 0 %
2026/08/20 15:09:34.715, 0, NVIDIA L40S, 17601 MiB, 46068 MiB, 0 %
2026/08/20 15:09:34.716, 1, NVIDIA L40S, 42639 MiB, 46068 MiB, 0 %
2026/08/20 15:09:34.716, 2, NVIDIA L40S, 42639 MiB, 46068 MiB, 0 %
2026/08/20 15:09:35.716, 0, NVIDIA L40S, 17601 MiB, 46068 MiB, 0 %
2026/08/20 15:09:35.716, 1, NVIDIA L40S, 42639 MiB, 46068 MiB, 0 %
2026/08/20 15:09:35.717, 2, NVIDIA L40S, 42639 MiB, 46068 MiB, 0 %
2026/08/20 15:09:36.717, 0, NVIDIA L40S, 17601 MiB, 46068 MiB, 0 %
2026/08/20 15:09:36.717, 1, NVIDIA L40S, 42639 MiB, 46068 MiB, 0 %
2026/08/20 15:09:36.717, 2, NVIDIA L40S, 42639 MiB, 46068 MiB, 0 %
2026/08/20 15:09:37.717, 0, NVIDIA L40S, 17601 MiB, 46068 MiB, 0 %
2026/08/20 15:09:37.718, 1, NVIDIA L40S, 42639 MiB, 46068 MiB, 0 %
2026/08/20 15:09:37.718, 2, NVIDIA L40S, 42639 MiB, 46068 MiB, 0 %
2026/08/20 15:09:38.718, 0, NVIDIA L40S, 17601 MiB, 46068 MiB, 0 %
2026/08/20 15:09:38.718, 1, NVIDIA L40S, 42639 MiB, 46068 MiB, 0 %
2026/08/20 15:09:38.718, 2, NVIDIA L40S, 42639 MiB, 46068 MiB, 0 %
2026/08/20 15:09:39.719, 0, NVIDIA L40S, 17601 MiB, 46068 MiB, 0 %
2026/08/20 15:09:39.719, 1, NVIDIA L40S, 42639 MiB, 46068 MiB, 0 %
2026/08/20 15:09:39.719, 2, NVIDIA L40S, 42639 MiB, 46068 MiB, 0 %
2026/08/20 15:09:40.719, 0, NVIDIA L40S, 17601 MiB, 46068 MiB, 0 %
2026/08/20 15:09:40.720, 1, NVIDIA L40S, 42639 MiB, 46068 MiB, 0 %
2026/08/20 15:09:40.720, 2, NVIDIA L40S, 42639 MiB, 46068 MiB, 0 %
2026/08/20 15:09:41.720, 0, NVIDIA L40S, 17601 MiB, 46068 MiB, 0 %
2026/08/20 15:09:41.720, 1, NVIDIA L40S, 42639 MiB, 46068 MiB, 0 %
2026/08/20 15:09:41.720, 2, NVIDIA L40S, 42639 MiB, 46068 MiB, 0 %
2026/08/20 15:09:42.721, 0, NVIDIA L40S, 17601 MiB, 46068 MiB, 0 %
2026/08/20 15:09:42.721, 1, NVIDIA L40S, 42639 MiB, 46068 MiB, 0 %
2026/08/20 15:09:42.721, 2, NVIDIA L40S, 42639 MiB, 46068 MiB, 0 %
2026/08/20 15:09:43.722, 0, NVIDIA L40S, 17601 MiB, 46068 MiB, 0 %
2026/08/20 15:09:43.722, 1, NVIDIA L40S, 42639 MiB, 46068 MiB, 0 %
2026/08/20 15:09:43.722, 2, NVIDIA L40S, 42639 MiB, 46068 MiB, 0 %
2026/08/20 15:09:44.722, 0, NVIDIA L40S, 17601 MiB, 46068 MiB, 0 %
2026/08/20 15:09:44.722, 1, NVIDIA L40S, 42639 MiB, 46068 MiB, 0 %
2026/08/20 15:09:44.722, 2, NVIDIA L40S, 42639 MiB, 46068 MiB, 0 %
2026/08/20 15:09:45.723, 0, NVIDIA L40S, 17601 MiB, 46068 MiB, 0 %
2026/08/20 15:09:45.723, 1, NVIDIA L40S, 42639 MiB, 46068 MiB, 0 %
2026/08/20 15:09:45.723, 2, NVIDIA L40S, 42639 MiB, 46068 MiB, 0 %
2026/08/20 15:09:46.723, 0, NVIDIA L40S, 17601 MiB, 46068 MiB, 0 %
2026/08/20 15:09:46.724, 1, NVIDIA L40S, 42639 MiB, 46068 MiB, 0 %
2026/08/20 15:09:46.724, 2, NVIDIA L40S, 42639 MiB, 46068 MiB, 0 %
2026/08/20 15:09:47.725, 0, NVIDIA L40S, 17601 MiB, 46068 MiB, 0 %
2026/08/20 15:09:47.725, 1, NVIDIA L40S, 42639 MiB, 46068 MiB, 0 %
2026/08/20 15:09:47.725, 2, NVIDIA L40S, 42639 MiB, 46068 MiB, 0 %
2026/08/20 15:09:48.726, 0, NVIDIA L40S, 17601 MiB, 46068 MiB, 0 %
2026/08/20 15:09:48.726, 1, NVIDIA L40S, 42639 MiB, 46068 MiB, 0 %
2026/08/20 15:09:48.726, 2, NVIDIA L40S, 42639 MiB, 46068 MiB, 0 %
2026/08/20 15:09:49.726, 0, NVIDIA L40S, 17601 MiB, 46068 MiB, 0 %
2026/08/20 15:09:49.727, 1, NVIDIA L40S, 42639 MiB, 46068 MiB, 0 %
2026/08/20 15:09:49.727, 2, NVIDIA L40S, 42639 MiB, 46068 MiB, 0 %
2026/08/20 15:09:50.727, 0, NVIDIA L40S, 17601 MiB, 46068 MiB, 0 %
2026/08/20 15:09:50.728, 1, NVIDIA L40S, 42639 MiB, 46068 MiB, 0 %
2026/08/20 15:09:50.728, 2, NVIDIA L40S, 42639 MiB, 46068 MiB, 0 %
2026/08/20 15:09:51.728, 0, NVIDIA L40S, 17601 MiB, 46068 MiB, 0 %
2026/08/20 15:09:51.728, 1, NVIDIA L40S, 42639 MiB, 46068 MiB, 0 %
2026/08/20 15:09:51.728, 2, NVIDIA L40S, 42639 MiB, 46068 MiB, 0 %
2026/08/20 15:09:52.729, 0, NVIDIA L40S, 17601 MiB, 46068 MiB, 0 %
2026/08/20 15:09:52.729, 1, NVIDIA L40S, 42639 MiB, 46068 MiB, 0 %
2026/08/20 15:09:52.729, 2, NVIDIA L40S, 42639 MiB, 46068 MiB, 0 %
2026/08/20 15:09:53.729, 0, NVIDIA L40S, 17601 MiB, 46068 MiB, 0 %
2026/08/20 15:09:53.730, 1, NVIDIA L40S, 42639 MiB, 46068 MiB, 0 %
2026/08/20 15:09:53.730, 2, NVIDIA L40S, 42639 MiB, 46068 MiB, 0 %
2026/08/20 15:09:54.730, 0, NVIDIA L40S, 17601 MiB, 46068 MiB, 0 %
2026/08/20 15:09:54.731, 1, NVIDIA L40S, 42639 MiB, 46068 MiB, 0 %
2026/08/20 15:09:54.731, 2, NVIDIA L40S, 42639 MiB, 46068 MiB, 0 %
2026/08/20 15:09:55.731, 0, NVIDIA L40S, 17601 MiB, 46068 MiB, 0 %
2026/08/20 15:09:55.732, 1, NVIDIA L40S, 42639 MiB, 46068 MiB, 0 %
2026/08/20 15:09:55.732, 2, NVIDIA L40S, 42639 MiB, 46068 MiB, 0 %
2026/08/20 15:09:56.732, 0, NVIDIA L40S, 17601 MiB, 46068 MiB, 0 %
2026/08/20 15:09:56.733, 1, NVIDIA L40S, 42639 MiB, 46068 MiB, 0 %
2026/08/20 15:09:56.733, 2, NVIDIA L40S, 42639 MiB, 46068 MiB, 0 %
2026/08/20 15:09:57.733, 0, NVIDIA L40S, 17601 MiB, 46068 MiB, 0 %
2026/08/20 15:09:57.733, 1, NVIDIA L40S, 42639 MiB, 46068 MiB, 0 %
2026/08/20 15:09:57.734, 2, NVIDIA L40S, 42639 MiB, 46068 MiB, 0 %
2026/08/20 15:09:58.734, 0, NVIDIA L40S, 17601 MiB, 46068 MiB, 0 %
2026/08/20 15:09:58.734, 1, NVIDIA L40S, 42639 MiB, 46068 MiB, 0 %
2026/08/20 15:09:58.735, 2, NVIDIA L40S, 42639 MiB, 46068 MiB, 0 %
2026/08/20 15:09:59.735, 0, NVIDIA L40S, 17601 MiB, 46068 MiB, 0 %
2026/08/20 15:09:59.735, 1, NVIDIA L40S, 42639 MiB, 46068 MiB, 0 %
2026/08/20 15:09:59.735, 2, NVIDIA L40S, 42639 MiB, 46068 MiB, 0 %
2026/08/20 15:10:00.736, 0, NVIDIA L40S, 17601 MiB, 46068 MiB, 0 %
2026/08/20 15:10:00.736, 1, NVIDIA L40S, 42639 MiB, 46068 MiB, 0 %
2026/08/20 15:10:00.736, 2, NVIDIA L40S, 42639 MiB, 46068 MiB, 0 %
2026/08/20 15:10:01.737, 0, NVIDIA L40S, 17601 MiB, 46068 MiB, 0 %
2026/08/20 15:10:01.737, 1, NVIDIA L40S, 42639 MiB, 46068 MiB, 0 %
2026/08/20 15:10:01.737, 2, NVIDIA L40S, 42639 MiB, 46068 MiB, 0 %
2026/08/20 15:10:02.737, 0, NVIDIA L40S, 17601 MiB, 46068 MiB, 0 %
2026/08/20 15:10:02.738, 1, NVIDIA L40S, 42639 MiB, 46068 MiB, 0 %
2026/08/20 15:10:02.738, 2, NVIDIA L40S, 42639 MiB, 46068 MiB, 0 %
2026/08/20 15:10:03.738, 0, NVIDIA L40S, 17601 MiB, 46068 MiB, 0 %
2026/08/20 15:10:03.738, 1, NVIDIA L40S, 42639 MiB, 46068 MiB, 0 %
2026/08/20 15:10:03.738, 2, NVIDIA L40S, 42639 MiB, 46068 MiB, 0 %
2026/08/20 15:10:04.739, 0, NVIDIA L40S, 17601 MiB, 46068 MiB, 0 %
2026/08/20 15:10:04.739, 1, NVIDIA L40S, 42639 MiB, 46068 MiB, 0 %
2026/08/20 15:10:04.739, 2, NVIDIA L40S, 42639 MiB, 46068 MiB, 0 %
2026/08/20 15:10:05.740, 0, NVIDIA L40S, 17601 MiB, 46068 MiB, 0 %
2026/08/20 15:10:05.740, 1, NVIDIA L40S, 42639 MiB, 46068 MiB, 0 %
2026/08/20 15:10:05.740, 2, NVIDIA L40S, 42639 MiB, 46068 MiB, 0 %
2026/08/20 15:10:06.740, 0, NVIDIA L40S, 17601 MiB, 46068 MiB, 0 %
2026/08/20 15:10:06.741, 1, NVIDIA L40S, 42639 MiB, 46068 MiB, 0 %
2026/08/20 15:10:06.741, 2, NVIDIA L40S, 42639 MiB, 46068 MiB, 0 %
2026/08/20 15:10:07.741, 0, NVIDIA L40S, 17601 MiB, 46068 MiB, 0 %
2026/08/20 15:10:07.742, 1, NVIDIA L40S, 42639 MiB, 46068 MiB, 0 %
2026/08/20 15:10:07.742, 2, NVIDIA L40S, 42639 MiB, 46068 MiB, 0 %
2026/08/20 15:10:08.742, 0, NVIDIA L40S, 17601 MiB, 46068 MiB, 0 %
2026/08/20 15:10:08.743, 1, NVIDIA L40S, 42639 MiB, 46068 MiB, 0 %
2026/08/20 15:10:08.743, 2, NVIDIA L40S, 42639 MiB, 46068 MiB, 0 %
2026/08/20 15:10:09.743, 0, NVIDIA L40S, 17601 MiB, 46068 MiB, 0 %
2026/08/20 15:10:09.744, 1, NVIDIA L40S, 42639 MiB, 46068 MiB, 0 %
2026/08/20 15:10:09.744, 2, NVIDIA L40S, 42639 MiB, 46068 MiB, 0 %
2026/08/20 15:10:10.744, 0, NVIDIA L40S, 17601 MiB, 46068 MiB, 0 %
2026/08/20 15:10:10.745, 1, NVIDIA L40S, 42639 MiB, 46068 MiB, 0 %
2026/08/20 15:10:10.745, 2, NVIDIA L40S, 42639 MiB, 46068 MiB, 0 %
2026/08/20 15:10:11.745, 0, NVIDIA L40S, 17601 MiB, 46068 MiB, 0 %
2026/08/20 15:10:11.746, 1, NVIDIA L40S, 42639 MiB, 46068 MiB, 0 %
2026/08/20 15:10:11.746, 2, NVIDIA L40S, 42639 MiB, 46068 MiB, 0 %
2026/08/20 15:10:12.746, 0, NVIDIA L40S, 17601 MiB, 46068 MiB, 0 %
2026/08/20 15:10:12.747, 1, NVIDIA L40S, 42639 MiB, 46068 MiB, 0 %
2026/08/20 15:10:12.747, 2, NVIDIA L40S, 42639 MiB, 46068 MiB, 0 %
2026/08/20 15:10:13.747, 0, NVIDIA L40S, 17601 MiB, 46068 MiB, 0 %
2026/08/20 15:10:13.748, 1, NVIDIA L40S, 42639 MiB, 46068 MiB, 0 %
2026/08/20 15:10:13.748, 2, NVIDIA L40S, 42639 MiB, 46068 MiB, 0 %
2026/08/20 15:10:14.748, 0, NVIDIA L40S, 17601 MiB, 46068 MiB, 0 %
2026/08/20 15:10:14.748, 1, NVIDIA L40S, 42639 MiB, 46068 MiB, 0 %
2026/08/20 15:10:14.749, 2, NVIDIA L40S, 42639 MiB, 46068 MiB, 0 %
2026/08/20 15:10:15.749, 0, NVIDIA L40S, 17601 MiB, 46068 MiB, 0 %
2026/08/20 15:10:15.749, 1, NVIDIA L40S, 42639 MiB, 46068 MiB, 0 %
2026/08/20 15:10:15.750, 2, NVIDIA L40S, 42639 MiB, 46068 MiB, 0 %
2026/08/20 15:10:16.750, 0, NVIDIA L40S, 17601 MiB, 46068 MiB, 0 %
2026/08/20 15:10:16.750, 1, NVIDIA L40S, 42639 MiB, 46068 MiB, 0 %
2026/08/20 15:10:16.751, 2, NVIDIA L40S, 42639 MiB, 46068 MiB, 0 %
2026/08/20 15:10:17.751, 0, NVIDIA L40S, 17601 MiB, 46068 MiB, 0 %
2026/08/20 15:10:17.751, 1, NVIDIA L40S, 42639 MiB, 46068 MiB, 0 %
2026/08/20 15:10:17.751, 2, NVIDIA L40S, 42639 MiB, 46068 MiB, 0 %
2026/08/20 15:10:18.752, 0, NVIDIA L40S, 17601 MiB, 46068 MiB, 0 %
2026/08/20 15:10:18.752, 1, NVIDIA L40S, 42639 MiB, 46068 MiB, 0 %
2026/08/20 15:10:18.752, 2, NVIDIA L40S, 42639 MiB, 46068 MiB, 0 %
2026/08/20 15:10:19.752, 0, NVIDIA L40S, 17601 MiB, 46068 MiB, 0 %
2026/08/20 15:10:19.753, 1, NVIDIA L40S, 42639 MiB, 46068 MiB, 0 %
2026/08/20 15:10:19.753, 2, NVIDIA L40S, 42639 MiB, 46068 MiB, 0 %
2026/08/20 15:10:20.753, 0, NVIDIA L40S, 17601 MiB, 46068 MiB, 0 %
2026/08/20 15:10:20.753, 1, NVIDIA L40S, 42639 MiB, 46068 MiB, 0 %
2026/08/20 15:10:20.753, 2, NVIDIA L40S, 42639 MiB, 46068 MiB, 0 %
2026/08/20 15:10:21.754, 0, NVIDIA L40S, 17601 MiB, 46068 MiB, 0 %
2026/08/20 15:10:21.754, 1, NVIDIA L40S, 42639 MiB, 46068 MiB, 0 %
2026/08/20 15:10:21.754, 2, NVIDIA L40S, 42639 MiB, 46068 MiB, 0 %
2026/08/20 15:10:22.755, 0, NVIDIA L40S, 17601 MiB, 46068 MiB, 0 %
2026/08/20 15:10:22.755, 1, NVIDIA L40S, 42639 MiB, 46068 MiB, 0 %
2026/08/20 15:10:22.755, 2, NVIDIA L40S, 42639 MiB, 46068 MiB, 0 %
2026/08/20 15:10:23.756, 0, NVIDIA L40S, 17601 MiB, 46068 MiB, 0 %
2026/08/20 15:10:23.756, 1, NVIDIA L40S, 42639 MiB, 46068 MiB, 0 %
2026/08/20 15:10:23.756, 2, NVIDIA L40S, 42639 MiB, 46068 MiB, 0 %
2026/08/20 15:10:24.758, 0, NVIDIA L40S, 17601 MiB, 46068 MiB, 0 %
2026/08/20 15:10:24.758, 1, NVIDIA L40S, 42639 MiB, 46068 MiB, 0 %
2026/08/20 15:10:24.758, 2, NVIDIA L40S, 42639 MiB, 46068 MiB, 0 %
2026/08/20 15:10:25.758, 0, NVIDIA L40S, 17601 MiB, 46068 MiB, 0 %
2026/08/20 15:10:25.758, 1, NVIDIA L40S, 42639 MiB, 46068 MiB, 0 %
2026/08/20 15:10:25.759, 2, NVIDIA L40S, 42639 MiB, 46068 MiB, 0 %
2026/08/20 15:10:26.759, 0, NVIDIA L40S, 17601 MiB, 46068 MiB, 0 %
2026/08/20 15:10:26.759, 1, NVIDIA L40S, 42639 MiB, 46068 MiB, 0 %
2026/08/20 15:10:26.759, 2, NVIDIA L40S, 42639 MiB, 46068 MiB, 0 %
2026/08/20 15:10:27.759, 0, NVIDIA L40S, 17601 MiB, 46068 MiB, 0 %
2026/08/20 15:10:27.760, 1, NVIDIA L40S, 42639 MiB, 46068 MiB, 0 %
2026/08/20 15:10:27.760, 2, NVIDIA L40S, 42639 MiB, 46068 MiB, 0 %
2026/08/20 15:10:28.760, 0, NVIDIA L40S, 17601 MiB, 46068 MiB, 0 %
2026/08/20 15:10:28.761, 1, NVIDIA L40S, 42639 MiB, 46068 MiB, 0 %
2026/08/20 15:10:28.761, 2, NVIDIA L40S, 42639 MiB, 46068 MiB, 0 %
2026/08/20 15:10:29.761, 0, NVIDIA L40S, 17601 MiB, 46068 MiB, 0 %
2026/08/20 15:10:29.762, 1, NVIDIA L40S, 42639 MiB, 46068 MiB, 0 %
2026/08/20 15:10:29.762, 2, NVIDIA L40S, 42639 MiB, 46068 MiB, 0 %
2026/08/20 15:10:30.762, 0, NVIDIA L40S, 17601 MiB, 46068 MiB, 0 %
2026/08/20 15:10:30.763, 1, NVIDIA L40S, 42639 MiB, 46068 MiB, 0 %
2026/08/20 15:10:30.763, 2, NVIDIA L40S, 42639 MiB, 46068 MiB, 0 %
2026/08/20 15:10:31.763, 0, NVIDIA L40S, 17601 MiB, 46068 MiB, 0 %
2026/08/20 15:10:31.764, 1, NVIDIA L40S, 42639 MiB, 46068 MiB, 0 %
2026/08/20 15:10:31.764, 2, NVIDIA L40S, 42639 MiB, 46068 MiB, 0 %
2026/08/20 15:10:32.764, 0, NVIDIA L40S, 17601 MiB, 46068 MiB, 0 %
2026/08/20 15:10:32.765, 1, NVIDIA L40S, 42639 MiB, 46068 MiB, 0 %
2026/08/20 15:10:32.765, 2, NVIDIA L40S, 42639 MiB, 46068 MiB, 0 %
2026/08/20 15:10:33.765, 0, NVIDIA L40S, 17601 MiB, 46068 MiB, 0 %
2026/08/20 15:10:33.766, 1, NVIDIA L40S, 42639 MiB, 46068 MiB, 0 %
2026/08/20 15:10:33.766, 2, NVIDIA L40S, 42639 MiB, 46068 MiB, 0 %
2026/08/20 15:10:34.766, 0, NVIDIA L40S, 17601 MiB, 46068 MiB, 0 %
2026/08/20 15:10:34.766, 1, NVIDIA L40S, 42639 MiB, 46068 MiB, 0 %
2026/08/20 15:10:34.766, 2, NVIDIA L40S, 42639 MiB, 46068 MiB, 0 %
2026/08/20 15:10:35.767, 0, NVIDIA L40S, 17601 MiB, 46068 MiB, 0 %
2026/08/20 15:10:35.767, 1, NVIDIA L40S, 42639 MiB, 46068 MiB, 0 %
2026/08/20 15:10:35.767, 2, NVIDIA L40S, 42639 MiB, 46068 MiB, 0 %
2026/08/20 15:10:36.767, 0, NVIDIA L40S, 17601 MiB, 46068 MiB, 0 %
2026/08/20 15:10:36.767, 1, NVIDIA L40S, 42639 MiB, 46068 MiB, 0 %
2026/08/20 15:10:36.767, 2, NVIDIA L40S, 42639 MiB, 46068 MiB, 0 %
2026/08/20 15:10:37.767, 0, NVIDIA L40S, 17601 MiB, 46068 MiB, 0 %
2026/08/20 15:10:37.768, 1, NVIDIA L40S, 42639 MiB, 46068 MiB, 0 %
2026/08/20 15:10:37.768, 2, NVIDIA L40S, 42639 MiB, 46068 MiB, 0 %
2026/08/20 15:10:38.768, 0, NVIDIA L40S, 17601 MiB, 46068 MiB, 0 %
2026/08/20 15:10:38.769, 1, NVIDIA L40S, 42639 MiB, 46068 MiB, 0 %
2026/08/20 15:10:38.769, 2, NVIDIA L40S, 42639 MiB, 46068 MiB, 0 %
2026/08/20 15:10:39.769, 0, NVIDIA L40S, 17601 MiB, 46068 MiB, 0 %
2026/08/20 15:10:39.769, 1, NVIDIA L40S, 42639 MiB, 46068 MiB, 0 %
2026/08/20 15:10:39.770, 2, NVIDIA L40S, 42639 MiB, 46068 MiB, 0 %
2026/08/20 15:10:40.770, 0, NVIDIA L40S, 17601 MiB, 46068 MiB, 0 %
2026/08/20 15:10:40.770, 1, NVIDIA L40S, 42639 MiB, 46068 MiB, 0 %
2026/08/20 15:10:40.770, 2, NVIDIA L40S, 42639 MiB, 46068 MiB, 0 %
2026/08/20 15:10:41.771, 0, NVIDIA L40S, 17601 MiB, 46068 MiB, 0 %
2026/08/20 15:10:41.771, 1, NVIDIA L40S, 42639 MiB, 46068 MiB, 0 %
2026/08/20 15:10:41.771, 2, NVIDIA L40S, 42639 MiB, 46068 MiB, 0 %
2026/08/20 15:10:42.772, 0, NVIDIA L40S, 17601 MiB, 46068 MiB, 0 %
2026/08/20 15:10:42.772, 1, NVIDIA L40S, 42639 MiB, 46068 MiB, 0 %
2026/08/20 15:10:42.772, 2, NVIDIA L40S, 42639 MiB, 46068 MiB, 0 %
2026/08/20 15:10:43.772, 0, NVIDIA L40S, 17601 MiB, 46068 MiB, 0 %
2026/08/20 15:10:43.773, 1, NVIDIA L40S, 42639 MiB, 46068 MiB, 0 %
2026/08/20 15:10:43.773, 2, NVIDIA L40S, 42639 MiB, 46068 MiB, 0 %
2026/08/20 15:10:44.773, 0, NVIDIA L40S, 17601 MiB, 46068 MiB, 0 %
2026/08/20 15:10:44.774, 1, NVIDIA L40S, 42639 MiB, 46068 MiB, 0 %
2026/08/20 15:10:44.774, 2, NVIDIA L40S, 42639 MiB, 46068 MiB, 0 %
2026/08/20 15:10:45.774, 0, NVIDIA L40S, 17601 MiB, 46068 MiB, 0 %
2026/08/20 15:10:45.775, 1, NVIDIA L40S, 42639 MiB, 46068 MiB, 0 %
2026/08/20 15:10:45.775, 2, NVIDIA L40S, 42639 MiB, 46068 MiB, 0 %
2026/08/20 15:10:46.775, 0, NVIDIA L40S, 17601 MiB, 46068 MiB, 0 %
2026/08/20 15:10:46.775, 1, NVIDIA L40S, 42639 MiB, 46068 MiB, 0 %
2026/08/20 15:10:46.775, 2, NVIDIA L40S, 42639 MiB, 46068 MiB, 0 %
2026/08/20 15:10:47.776, 0, NVIDIA L40S, 17601 MiB, 46068 MiB, 0 %
2026/08/20 15:10:47.776, 1, NVIDIA L40S, 42639 MiB, 46068 MiB, 0 %
2026/08/20 15:10:47.776, 2, NVIDIA L40S, 42639 MiB, 46068 MiB, 0 %
2026/08/20 15:10:48.776, 0, NVIDIA L40S, 17601 MiB, 46068 MiB, 0 %
2026/08/20 15:10:48.777, 1, NVIDIA L40S, 42639 MiB, 46068 MiB, 0 %
2026/08/20 15:10:48.777, 2, NVIDIA L40S, 42639 MiB, 46068 MiB, 0 %
2026/08/20 15:10:49.777, 0, NVIDIA L40S, 17601 MiB, 46068 MiB, 0 %
2026/08/20 15:10:49.778, 1, NVIDIA L40S, 42639 MiB, 46068 MiB, 0 %
2026/08/20 15:10:49.778, 2, NVIDIA L40S, 42639 MiB, 46068 MiB, 0 %
2026/08/20 15:10:50.778, 0, NVIDIA L40S, 17601 MiB, 46068 MiB, 0 %
2026/08/20 15:10:50.778, 1, NVIDIA L40S, 42639 MiB, 46068 MiB, 0 %
2026/08/20 15:10:50.779, 2, NVIDIA L40S, 42639 MiB, 46068 MiB, 0 %
2026/08/20 15:10:51.779, 0, NVIDIA L40S, 17601 MiB, 46068 MiB, 0 %
2026/08/20 15:10:51.779, 1, NVIDIA L40S, 42639 MiB, 46068 MiB, 0 %
2026/08/20 15:10:51.779, 2, NVIDIA L40S, 42639 MiB, 46068 MiB, 0 %
2026/08/20 15:10:52.780, 0, NVIDIA L40S, 17601 MiB, 46068 MiB, 0 %
2026/08/20 15:10:52.780, 1, NVIDIA L40S, 42639 MiB, 46068 MiB, 0 %
2026/08/20 15:10:52.780, 2, NVIDIA L40S, 42639 MiB, 46068 MiB, 0 %
2026/08/20 15:10:53.780, 0, NVIDIA L40S, 17601 MiB, 46068 MiB, 0 %
2026/08/20 15:10:53.781, 1, NVIDIA L40S, 42639 MiB, 46068 MiB, 0 %
2026/08/20 15:10:53.781, 2, NVIDIA L40S, 42639 MiB, 46068 MiB, 0 %
2026/08/20 15:10:54.781, 0, NVIDIA L40S, 17601 MiB, 46068 MiB, 0 %
2026/08/20 15:10:54.782, 1, NVIDIA L40S, 42639 MiB, 46068 MiB, 0 %
2026/08/20 15:10:54.782, 2, NVIDIA L40S, 42639 MiB, 46068 MiB, 0 %
2026/08/20 15:10:55.782, 0, NVIDIA L40S, 17601 MiB, 46068 MiB, 0 %
2026/08/20 15:10:55.783, 1, NVIDIA L40S, 42639 MiB, 46068 MiB, 0 %
2026/08/20 15:10:55.783, 2, NVIDIA L40S, 42639 MiB, 46068 MiB, 0 %
2026/08/20 15:10:56.783, 0, NVIDIA L40S, 17601 MiB, 46068 MiB, 0 %
2026/08/20 15:10:56.784, 1, NVIDIA L40S, 42639 MiB, 46068 MiB, 0 %
2026/08/20 15:10:56.784, 2, NVIDIA L40S, 42639 MiB, 46068 MiB, 0 %
2026/08/20 15:10:57.784, 0, NVIDIA L40S, 17601 MiB, 46068 MiB, 0 %
2026/08/20 15:10:57.784, 1, NVIDIA L40S, 42639 MiB, 46068 MiB, 0 %
2026/08/20 15:10:57.785, 2, NVIDIA L40S, 42639 MiB, 46068 MiB, 0 %
2026/08/20 15:10:58.785, 0, NVIDIA L40S, 17601 MiB, 46068 MiB, 0 %
2026/08/20 15:10:58.785, 1, NVIDIA L40S, 42639 MiB, 46068 MiB, 0 %
2026/08/20 15:10:58.785, 2, NVIDIA L40S, 42639 MiB, 46068 MiB, 0 %
2026/08/20 15:10:59.786, 0, NVIDIA L40S, 17601 MiB, 46068 MiB, 0 %
2026/08/20 15:10:59.786, 1, NVIDIA L40S, 42639 MiB, 46068 MiB, 0 %
2026/08/20 15:10:59.786, 2, NVIDIA L40S, 42639 MiB, 46068 MiB, 0 %
2026/08/20 15:11:00.787, 0, NVIDIA L40S, 17601 MiB, 46068 MiB, 0 %
2026/08/20 15:11:00.787, 1, NVIDIA L40S, 42639 MiB, 46068 MiB, 0 %
2026/08/20 15:11:00.787, 2, NVIDIA L40S, 42639 MiB, 46068 MiB, 0 %
2026/08/20 15:11:01.788, 0, NVIDIA L40S, 17601 MiB, 46068 MiB, 0 %
2026/08/20 15:11:01.788, 1, NVIDIA L40S, 42639 MiB, 46068 MiB, 0 %
2026/08/20 15:11:01.788, 2, NVIDIA L40S, 42639 MiB, 46068 MiB, 0 %
2026/08/20 15:11:02.788, 0, NVIDIA L40S, 17601 MiB, 46068 MiB, 0 %
2026/08/20 15:11:02.789, 1, NVIDIA L40S, 42639 MiB, 46068 MiB, 0 %
2026/08/20 15:11:02.789, 2, NVIDIA L40S, 42639 MiB, 46068 MiB, 0 %
2026/08/20 15:11:03.789, 0, NVIDIA L40S, 17601 MiB, 46068 MiB, 0 %
2026/08/20 15:11:03.790, 1, NVIDIA L40S, 42639 MiB, 46068 MiB, 0 %
2026/08/20 15:11:03.790, 2, NVIDIA L40S, 42639 MiB, 46068 MiB, 0 %
2026/08/20 15:11:04.790, 0, NVIDIA L40S, 17601 MiB, 46068 MiB, 0 %
2026/08/20 15:11:04.791, 1, NVIDIA L40S, 42639 MiB, 46068 MiB, 0 %
2026/08/20 15:11:04.791, 2, NVIDIA L40S, 42639 MiB, 46068 MiB, 0 %
2026/08/20 15:11:05.792, 0, NVIDIA L40S, 17601 MiB, 46068 MiB, 0 %
2026/08/20 15:11:05.792, 1, NVIDIA L40S, 42639 MiB, 46068 MiB, 0 %
2026/08/20 15:11:05.792, 2, NVIDIA L40S, 42639 MiB, 46068 MiB, 0 %
2026/08/20 15:11:06.792, 0, NVIDIA L40S, 17601 MiB, 46068 MiB, 0 %
2026/08/20 15:11:06.793, 1, NVIDIA L40S, 42639 MiB, 46068 MiB, 0 %
2026/08/20 15:11:06.793, 2, NVIDIA L40S, 42639 MiB, 46068 MiB, 0 %
2026/08/20 15:11:07.793, 0, NVIDIA L40S, 17601 MiB, 46068 MiB, 0 %
2026/08/20 15:11:07.794, 1, NVIDIA L40S, 42639 MiB, 46068 MiB, 0 %
2026/08/20 15:11:07.794, 2, NVIDIA L40S, 42639 MiB, 46068 MiB, 0 %
2026/08/20 15:11:08.794, 0, NVIDIA L40S, 17601 MiB, 46068 MiB, 0 %
2026/08/20 15:11:08.795, 1, NVIDIA L40S, 42639 MiB, 46068 MiB, 0 %
2026/08/20 15:11:08.795, 2, NVIDIA L40S, 42639 MiB, 46068 MiB, 0 %
2026/08/20 15:11:09.795, 0, NVIDIA L40S, 17601 MiB, 46068 MiB, 0 %
2026/08/20 15:11:09.795, 1, NVIDIA L40S, 42639 MiB, 46068 MiB, 0 %
2026/08/20 15:11:09.795, 2, NVIDIA L40S, 42639 MiB, 46068 MiB, 0 %
2026/08/20 15:11:10.796, 0, NVIDIA L40S, 17601 MiB, 46068 MiB, 0 %
2026/08/20 15:11:10.796, 1, NVIDIA L40S, 42639 MiB, 46068 MiB, 0 %
2026/08/20 15:11:10.796, 2, NVIDIA L40S, 42639 MiB, 46068 MiB, 0 %
2026/08/20 15:11:11.797, 0, NVIDIA L40S, 17601 MiB, 46068 MiB, 0 %
2026/08/20 15:11:11.797, 1, NVIDIA L40S, 42639 MiB, 46068 MiB, 0 %
2026/08/20 15:11:11.798, 2, NVIDIA L40S, 42639 MiB, 46068 MiB, 0 %
2026/08/20 15:11:12.798, 0, NVIDIA L40S, 17601 MiB, 46068 MiB, 0 %
2026/08/20 15:11:12.798, 1, NVIDIA L40S, 42639 MiB, 46068 MiB, 0 %
2026/08/20 15:11:12.798, 2, NVIDIA L40S, 42639 MiB, 46068 MiB, 0 %
2026/08/20 15:11:13.799, 0, NVIDIA L40S, 17601 MiB, 46068 MiB, 0 %
2026/08/20 15:11:13.799, 1, NVIDIA L40S, 42639 MiB, 46068 MiB, 0 %
2026/08/20 15:11:13.799, 2, NVIDIA L40S, 42639 MiB, 46068 MiB, 0 %
2026/08/20 15:11:14.800, 0, NVIDIA L40S, 17601 MiB, 46068 MiB, 0 %
2026/08/20 15:11:14.800, 1, NVIDIA L40S, 42639 MiB, 46068 MiB, 0 %
2026/08/20 15:11:14.800, 2, NVIDIA L40S, 42639 MiB, 46068 MiB, 0 %
2026/08/20 15:11:15.801, 0, NVIDIA L40S, 17601 MiB, 46068 MiB, 0 %
2026/08/20 15:11:15.801, 1, NVIDIA L40S, 42639 MiB, 46068 MiB, 0 %
2026/08/20 15:11:15.801, 2, NVIDIA L40S, 42639 MiB, 46068 MiB, 0 %
2026/08/20 15:11:16.802, 0, NVIDIA L40S, 17601 MiB, 46068 MiB, 0 %
2026/08/20 15:11:16.802, 1, NVIDIA L40S, 42639 MiB, 46068 MiB, 0 %
2026/08/20 15:11:16.802, 2, NVIDIA L40S, 42639 MiB, 46068 MiB, 0 %
2026/08/20 15:11:17.802, 0, NVIDIA L40S, 17601 MiB, 46068 MiB, 0 %
2026/08/20 15:11:17.803, 1, NVIDIA L40S, 42639 MiB, 46068 MiB, 0 %
2026/08/20 15:11:17.803, 2, NVIDIA L40S, 42639 MiB, 46068 MiB, 0 %
2026/08/20 15:11:18.803, 0, NVIDIA L40S, 17601 MiB, 46068 MiB, 0 %
2026/08/20 15:11:18.804, 1, NVIDIA L40S, 42639 MiB, 46068 MiB, 0 %
2026/08/20 15:11:18.804, 2, NVIDIA L40S, 42639 MiB, 46068 MiB, 0 %
2026/08/20 15:11:19.804, 0, NVIDIA L40S, 17601 MiB, 46068 MiB, 0 %
2026/08/20 15:11:19.804, 1, NVIDIA L40S, 42639 MiB, 46068 MiB, 0 %
2026/08/20 15:11:19.805, 2, NVIDIA L40S, 42639 MiB, 46068 MiB, 0 %
2026/08/20 15:11:20.805, 0, NVIDIA L40S, 17601 MiB, 46068 MiB, 0 %
2026/08/20 15:11:20.805, 1, NVIDIA L40S, 42639 MiB, 46068 MiB, 0 %
2026/08/20 15:11:20.805, 2, NVIDIA L40S, 42639 MiB, 46068 MiB, 0 %
2026/08/20 15:11:21.806, 0, NVIDIA L40S, 17601 MiB, 46068 MiB, 0 %
2026/08/20 15:11:21.806, 1, NVIDIA L40S, 42639 MiB, 46068 MiB, 0 %
2026/08/20 15:11:21.806, 2, NVIDIA L40S, 42639 MiB, 46068 MiB, 0 %
2026/08/20 15:11:22.806, 0, NVIDIA L40S, 17601 MiB, 46068 MiB, 0 %
2026/08/20 15:11:22.806, 1, NVIDIA L40S, 42639 MiB, 46068 MiB, 0 %
2026/08/20 15:11:22.807, 2, NVIDIA L40S, 42639 MiB, 46068 MiB, 0 %
2026/08/20 15:11:23.807, 0, NVIDIA L40S, 17601 MiB, 46068 MiB, 0 %
2026/08/20 15:11:23.807, 1, NVIDIA L40S, 42639 MiB, 46068 MiB, 0 %
2026/08/20 15:11:23.808, 2, NVIDIA L40S, 42639 MiB, 46068 MiB, 0 %
2026/08/20 15:11:24.808, 0, NVIDIA L40S, 17601 MiB, 46068 MiB, 0 %
2026/08/20 15:11:24.808, 1, NVIDIA L40S, 42639 MiB, 46068 MiB, 0 %
2026/08/20 15:11:24.809, 2, NVIDIA L40S, 42639 MiB, 46068 MiB, 0 %
2026/08/20 15:11:25.809, 0, NVIDIA L40S, 17601 MiB, 46068 MiB, 0 %
2026/08/20 15:11:25.809, 1, NVIDIA L40S, 42639 MiB, 46068 MiB, 0 %
2026/08/20 15:11:25.810, 2, NVIDIA L40S, 42639 MiB, 46068 MiB, 0 %
2026/08/20 15:11:26.810, 0, NVIDIA L40S, 17601 MiB, 46068 MiB, 0 %
2026/08/20 15:11:26.810, 1, NVIDIA L40S, 42639 MiB, 46068 MiB, 0 %
2026/08/20 15:11:26.810, 2, NVIDIA L40S, 42639 MiB, 46068 MiB, 0 %
2026/08/20 15:11:27.811, 0, NVIDIA L40S, 17601 MiB, 46068 MiB, 0 %
2026/08/20 15:11:27.811, 1, NVIDIA L40S, 42639 MiB, 46068 MiB, 0 %
2026/08/20 15:11:27.811, 2, NVIDIA L40S, 42639 MiB, 46068 MiB, 0 %
2026/08/20 15:11:28.812, 0, NVIDIA L40S, 17601 MiB, 46068 MiB, 0 %
2026/08/20 15:11:28.812, 1, NVIDIA L40S, 42639 MiB, 46068 MiB, 0 %
2026/08/20 15:11:28.812, 2, NVIDIA L40S, 42639 MiB, 46068 MiB, 0 %
2026/08/20 15:11:29.813, 0, NVIDIA L40S, 17601 MiB, 46068 MiB, 0 %
2026/08/20 15:11:29.813, 1, NVIDIA L40S, 42639 MiB, 46068 MiB, 0 %
2026/08/20 15:11:29.813, 2, NVIDIA L40S, 42639 MiB, 46068 MiB, 0 %
2026/08/20 15:11:30.814, 0, NVIDIA L40S, 17601 MiB, 46068 MiB, 0 %
2026/08/20 15:11:30.814, 1, NVIDIA L40S, 42639 MiB, 46068 MiB, 0 %
2026/08/20 15:11:30.814, 2, NVIDIA L40S, 42639 MiB, 46068 MiB, 0 %
2026/08/20 15:11:31.814, 0, NVIDIA L40S, 17601 MiB, 46068 MiB, 0 %
2026/08/20 15:11:31.815, 1, NVIDIA L40S, 42639 MiB, 46068 MiB, 0 %
2026/08/20 15:11:31.815, 2, NVIDIA L40S, 42639 MiB, 46068 MiB, 0 %
2026/08/20 15:11:32.815, 0, NVIDIA L40S, 17601 MiB, 46068 MiB, 0 %
2026/08/20 15:11:32.815, 1, NVIDIA L40S, 42639 MiB, 46068 MiB, 0 %
2026/08/20 15:11:32.816, 2, NVIDIA L40S, 42639 MiB, 46068 MiB, 0 %
2026/08/20 15:11:33.816, 0, NVIDIA L40S, 17601 MiB, 46068 MiB, 0 %
2026/08/20 15:11:33.816, 1, NVIDIA L40S, 42639 MiB, 46068 MiB, 0 %
2026/08/20 15:11:33.817, 2, NVIDIA L40S, 42639 MiB, 46068 MiB, 0 %
2026/08/20 15:11:34.817, 0, NVIDIA L40S, 17601 MiB, 46068 MiB, 0 %
2026/08/20 15:11:34.817, 1, NVIDIA L40S, 42639 MiB, 46068 MiB, 0 %
2026/08/20 15:11:34.817, 2, NVIDIA L40S, 42639 MiB, 46068 MiB, 0 %
2026/08/20 15:11:35.818, 0, NVIDIA L40S, 17601 MiB, 46068 MiB, 0 %
2026/08/20 15:11:35.818, 1, NVIDIA L40S, 42639 MiB, 46068 MiB, 0 %
2026/08/20 15:11:35.818, 2, NVIDIA L40S, 42639 MiB, 46068 MiB, 0 %
2026/08/20 15:11:36.819, 0, NVIDIA L40S, 17601 MiB, 46068 MiB, 0 %
2026/08/20 15:11:36.819, 1, NVIDIA L40S, 42639 MiB, 46068 MiB, 0 %
2026/08/20 15:11:36.819, 2, NVIDIA L40S, 42639 MiB, 46068 MiB, 0 %
2026/08/20 15:11:37.820, 0, NVIDIA L40S, 17601 MiB, 46068 MiB, 0 %
2026/08/20 15:11:37.820, 1, NVIDIA L40S, 42639 MiB, 46068 MiB, 0 %
2026/08/20 15:11:37.820, 2, NVIDIA L40S, 42639 MiB, 46068 MiB, 0 %
2026/08/20 15:11:38.821, 0, NVIDIA L40S, 17601 MiB, 46068 MiB, 0 %
2026/08/20 15:11:38.821, 1, NVIDIA L40S, 42639 MiB, 46068 MiB, 0 %
2026/08/20 15:11:38.821, 2, NVIDIA L40S, 42639 MiB, 46068 MiB, 0 %
2026/08/20 15:11:39.822, 0, NVIDIA L40S, 17601 MiB, 46068 MiB, 0 %
2026/08/20 15:11:39.822, 1, NVIDIA L40S, 42639 MiB, 46068 MiB, 0 %
2026/08/20 15:11:39.822, 2, NVIDIA L40S, 42639 MiB, 46068 MiB, 0 %
2026/08/20 15:11:40.822, 0, NVIDIA L40S, 17601 MiB, 46068 MiB, 0 %
2026/08/20 15:11:40.823, 1, NVIDIA L40S, 42639 MiB, 46068 MiB, 0 %
2026/08/20 15:11:40.823, 2, NVIDIA L40S, 42639 MiB, 46068 MiB, 0 %
2026/08/20 15:11:41.823, 0, NVIDIA L40S, 17601 MiB, 46068 MiB, 0 %
2026/08/20 15:11:41.824, 1, NVIDIA L40S, 42639 MiB, 46068 MiB, 0 %
2026/08/20 15:11:41.824, 2, NVIDIA L40S, 42639 MiB, 46068 MiB, 0 %
2026/08/20 15:11:42.824, 0, NVIDIA L40S, 17601 MiB, 46068 MiB, 0 %
2026/08/20 15:11:42.824, 1, NVIDIA L40S, 42639 MiB, 46068 MiB, 0 %
2026/08/20 15:11:42.824, 2, NVIDIA L40S, 42639 MiB, 46068 MiB, 0 %
2026/08/20 15:11:43.825, 0, NVIDIA L40S, 17601 MiB, 46068 MiB, 0 %
2026/08/20 15:11:43.825, 1, NVIDIA L40S, 42639 MiB, 46068 MiB, 0 %
2026/08/20 15:11:43.825, 2, NVIDIA L40S, 42639 MiB, 46068 MiB, 0 %
2026/08/20 15:11:44.826, 0, NVIDIA L40S, 17601 MiB, 46068 MiB, 0 %
2026/08/20 15:11:44.826, 1, NVIDIA L40S, 42639 MiB, 46068 MiB, 0 %
2026/08/20 15:11:44.826, 2, NVIDIA L40S, 42639 MiB, 46068 MiB, 0 %
2026/08/20 15:11:45.827, 0, NVIDIA L40S, 17601 MiB, 46068 MiB, 0 %
2026/08/20 15:11:45.827, 1, NVIDIA L40S, 42639 MiB, 46068 MiB, 0 %
2026/08/20 15:11:45.827, 2, NVIDIA L40S, 42639 MiB, 46068 MiB, 0 %
2026/08/20 15:11:46.828, 0, NVIDIA L40S, 17601 MiB, 46068 MiB, 0 %
2026/08/20 15:11:46.828, 1, NVIDIA L40S, 42639 MiB, 46068 MiB, 0 %
2026/08/20 15:11:46.828, 2, NVIDIA L40S, 42639 MiB, 46068 MiB, 0 %
2026/08/20 15:11:47.829, 0, NVIDIA L40S, 17601 MiB, 46068 MiB, 0 %
2026/08/20 15:11:47.829, 1, NVIDIA L40S, 42639 MiB, 46068 MiB, 0 %
2026/08/20 15:11:47.829, 2, NVIDIA L40S, 42639 MiB, 46068 MiB, 0 %
2026/08/20 15:11:48.829, 0, NVIDIA L40S, 17601 MiB, 46068 MiB, 0 %
2026/08/20 15:11:48.830, 1, NVIDIA L40S, 42639 MiB, 46068 MiB, 0 %
2026/08/20 15:11:48.830, 2, NVIDIA L40S, 42639 MiB, 46068 MiB, 0 %
2026/08/20 15:11:49.830, 0, NVIDIA L40S, 17601 MiB, 46068 MiB, 0 %
2026/08/20 15:11:49.831, 1, NVIDIA L40S, 42639 MiB, 46068 MiB, 0 %
2026/08/20 15:11:49.831, 2, NVIDIA L40S, 42639 MiB, 46068 MiB, 0 %
2026/08/20 15:11:50.831, 0, NVIDIA L40S, 17601 MiB, 46068 MiB, 0 %
2026/08/20 15:11:50.832, 1, NVIDIA L40S, 42639 MiB, 46068 MiB, 0 %
2026/08/20 15:11:50.832, 2, NVIDIA L40S, 42639 MiB, 46068 MiB, 0 %
2026/08/20 15:11:51.832, 0, NVIDIA L40S, 17601 MiB, 46068 MiB, 0 %
2026/08/20 15:11:51.833, 1, NVIDIA L40S, 42639 MiB, 46068 MiB, 0 %
2026/08/20 15:11:51.833, 2, NVIDIA L40S, 42639 MiB, 46068 MiB, 0 %
2026/08/20 15:11:52.833, 0, NVIDIA L40S, 17601 MiB, 46068 MiB, 0 %
2026/08/20 15:11:52.833, 1, NVIDIA L40S, 42639 MiB, 46068 MiB, 0 %
2026/08/20 15:11:52.833, 2, NVIDIA L40S, 42639 MiB, 46068 MiB, 0 %
2026/08/20 15:11:53.834, 0, NVIDIA L40S, 17601 MiB, 46068 MiB, 0 %
2026/08/20 15:11:53.834, 1, NVIDIA L40S, 42639 MiB, 46068 MiB, 0 %
2026/08/20 15:11:53.834, 2, NVIDIA L40S, 42639 MiB, 46068 MiB, 0 %
2026/08/20 15:11:54.835, 0, NVIDIA L40S, 17601 MiB, 46068 MiB, 0 %
2026/08/20 15:11:54.835, 1, NVIDIA L40S, 42639 MiB, 46068 MiB, 0 %
2026/08/20 15:11:54.835, 2, NVIDIA L40S, 42639 MiB, 46068 MiB, 0 %
2026/08/20 15:11:55.835, 0, NVIDIA L40S, 17601 MiB, 46068 MiB, 0 %
2026/08/20 15:11:55.836, 1, NVIDIA L40S, 42639 MiB, 46068 MiB, 0 %
2026/08/20 15:11:55.836, 2, NVIDIA L40S, 42639 MiB, 46068 MiB, 0 %
2026/08/20 15:11:56.837, 0, NVIDIA L40S, 17601 MiB, 46068 MiB, 0 %
2026/08/20 15:11:56.837, 1, NVIDIA L40S, 42639 MiB, 46068 MiB, 0 %
2026/08/20 15:11:56.837, 2, NVIDIA L40S, 42639 MiB, 46068 MiB, 0 %
2026/08/20 15:11:57.838, 0, NVIDIA L40S, 17601 MiB, 46068 MiB, 0 %
2026/08/20 15:11:57.838, 1, NVIDIA L40S, 42639 MiB, 46068 MiB, 0 %
2026/08/20 15:11:57.838, 2, NVIDIA L40S, 42639 MiB, 46068 MiB, 0 %
2026/08/20 15:11:58.839, 0, NVIDIA L40S, 17601 MiB, 46068 MiB, 0 %
2026/08/20 15:11:58.839, 1, NVIDIA L40S, 42639 MiB, 46068 MiB, 0 %
2026/08/20 15:11:58.839, 2, NVIDIA L40S, 42639 MiB, 46068 MiB, 0 %
2026/08/20 15:11:59.840, 0, NVIDIA L40S, 17601 MiB, 46068 MiB, 0 %
2026/08/20 15:11:59.840, 1, NVIDIA L40S, 42639 MiB, 46068 MiB, 0 %
2026/08/20 15:11:59.840, 2, NVIDIA L40S, 42639 MiB, 46068 MiB, 0 %
2026/08/20 15:12:00.840, 0, NVIDIA L40S, 17601 MiB, 46068 MiB, 0 %
2026/08/20 15:12:00.841, 1, NVIDIA L40S, 42639 MiB, 46068 MiB, 0 %
2026/08/20 15:12:00.841, 2, NVIDIA L40S, 42639 MiB, 46068 MiB, 0 %
2026/08/20 15:12:01.842, 0, NVIDIA L40S, 17601 MiB, 46068 MiB, 0 %
2026/08/20 15:12:01.842, 1, NVIDIA L40S, 42639 MiB, 46068 MiB, 0 %
2026/08/20 15:12:01.842, 2, NVIDIA L40S, 42639 MiB, 46068 MiB, 0 %
2026/08/20 15:12:02.842, 0, NVIDIA L40S, 17601 MiB, 46068 MiB, 0 %
2026/08/20 15:12:02.843, 1, NVIDIA L40S, 42639 MiB, 46068 MiB, 0 %
2026/08/20 15:12:02.843, 2, NVIDIA L40S, 42639 MiB, 46068 MiB, 0 %
2026/08/20 15:12:03.843, 0, NVIDIA L40S, 17601 MiB, 46068 MiB, 0 %
2026/08/20 15:12:03.843, 1, NVIDIA L40S, 42639 MiB, 46068 MiB, 0 %
2026/08/20 15:12:03.843, 2, NVIDIA L40S, 42639 MiB, 46068 MiB, 0 %
2026/08/20 15:12:04.844, 0, NVIDIA L40S, 17601 MiB, 46068 MiB, 0 %
2026/08/20 15:12:04.844, 1, NVIDIA L40S, 42639 MiB, 46068 MiB, 0 %
2026/08/20 15:12:04.844, 2, NVIDIA L40S, 42639 MiB, 46068 MiB, 0 %
2026/08/20 15:12:05.845, 0, NVIDIA L40S, 17601 MiB, 46068 MiB, 0 %
2026/08/20 15:12:05.845, 1, NVIDIA L40S, 42639 MiB, 46068 MiB, 0 %
2026/08/20 15:12:05.845, 2, NVIDIA L40S, 42639 MiB, 46068 MiB, 0 %
2026/08/20 15:12:06.846, 0, NVIDIA L40S, 17601 MiB, 46068 MiB, 0 %
2026/08/20 15:12:06.846, 1, NVIDIA L40S, 42639 MiB, 46068 MiB, 0 %
2026/08/20 15:12:06.846, 2, NVIDIA L40S, 42639 MiB, 46068 MiB, 0 %
2026/08/20 15:12:07.847, 0, NVIDIA L40S, 17601 MiB, 46068 MiB, 0 %
2026/08/20 15:12:07.847, 1, NVIDIA L40S, 42639 MiB, 46068 MiB, 0 %
2026/08/20 15:12:07.847, 2, NVIDIA L40S, 42639 MiB, 46068 MiB, 0 %
2026/08/20 15:12:08.848, 0, NVIDIA L40S, 17601 MiB, 46068 MiB, 0 %
2026/08/20 15:12:08.848, 1, NVIDIA L40S, 42639 MiB, 46068 MiB, 0 %
2026/08/20 15:12:08.848, 2, NVIDIA L40S, 42639 MiB, 46068 MiB, 0 %
2026/08/20 15:12:09.849, 0, NVIDIA L40S, 17601 MiB, 46068 MiB, 0 %
2026/08/20 15:12:09.849, 1, NVIDIA L40S, 42639 MiB, 46068 MiB, 0 %
2026/08/20 15:12:09.849, 2, NVIDIA L40S, 42639 MiB, 46068 MiB, 0 %
2026/08/20 15:12:10.850, 0, NVIDIA L40S, 17601 MiB, 46068 MiB, 0 %
2026/08/20 15:12:10.850, 1, NVIDIA L40S, 42639 MiB, 46068 MiB, 0 %
2026/08/20 15:12:10.850, 2, NVIDIA L40S, 42639 MiB, 46068 MiB, 0 %
2026/08/20 15:12:11.851, 0, NVIDIA L40S, 17601 MiB, 46068 MiB, 0 %
2026/08/20 15:12:11.851, 1, NVIDIA L40S, 42639 MiB, 46068 MiB, 0 %
2026/08/20 15:12:11.851, 2, NVIDIA L40S, 42639 MiB, 46068 MiB, 0 %
2026/08/20 15:12:12.852, 0, NVIDIA L40S, 17601 MiB, 46068 MiB, 0 %
2026/08/20 15:12:12.852, 1, NVIDIA L40S, 42639 MiB, 46068 MiB, 0 %
2026/08/20 15:12:12.853, 2, NVIDIA L40S, 42639 MiB, 46068 MiB, 0 %
2026/08/20 15:12:13.853, 0, NVIDIA L40S, 17601 MiB, 46068 MiB, 0 %
2026/08/20 15:12:13.853, 1, NVIDIA L40S, 42639 MiB, 46068 MiB, 0 %
2026/08/20 15:12:13.854, 2, NVIDIA L40S, 42639 MiB, 46068 MiB, 0 %
2026/08/20 15:12:14.854, 0, NVIDIA L40S, 17601 MiB, 46068 MiB, 0 %
2026/08/20 15:12:14.854, 1, NVIDIA L40S, 42639 MiB, 46068 MiB, 0 %
2026/08/20 15:12:14.854, 2, NVIDIA L40S, 42639 MiB, 46068 MiB, 0 %
2026/08/20 15:12:15.855, 0, NVIDIA L40S, 17601 MiB, 46068 MiB, 0 %
2026/08/20 15:12:15.855, 1, NVIDIA L40S, 42639 MiB, 46068 MiB, 0 %
2026/08/20 15:12:15.855, 2, NVIDIA L40S, 42639 MiB, 46068 MiB, 0 %
2026/08/20 15:12:16.856, 0, NVIDIA L40S, 17601 MiB, 46068 MiB, 0 %
2026/08/20 15:12:16.856, 1, NVIDIA L40S, 42639 MiB, 46068 MiB, 0 %
2026/08/20 15:12:16.856, 2, NVIDIA L40S, 42639 MiB, 46068 MiB, 0 %
2026/08/20 15:12:17.857, 0, NVIDIA L40S, 17601 MiB, 46068 MiB, 0 %
2026/08/20 15:12:17.857, 1, NVIDIA L40S, 42639 MiB, 46068 MiB, 0 %
2026/08/20 15:12:17.857, 2, NVIDIA L40S, 42639 MiB, 46068 MiB, 0 %
2026/08/20 15:12:18.858, 0, NVIDIA L40S, 17601 MiB, 46068 MiB, 0 %
2026/08/20 15:12:18.858, 1, NVIDIA L40S, 42639 MiB, 46068 MiB, 0 %
2026/08/20 15:12:18.858, 2, NVIDIA L40S, 42639 MiB, 46068 MiB, 0 %
2026/08/20 15:12:19.858, 0, NVIDIA L40S, 17601 MiB, 46068 MiB, 0 %
2026/08/20 15:12:19.859, 1, NVIDIA L40S, 42639 MiB, 46068 MiB, 0 %
2026/08/20 15:12:19.859, 2, NVIDIA L40S, 42639 MiB, 46068 MiB, 0 %
2026/08/20 15:12:20.859, 0, NVIDIA L40S, 17601 MiB, 46068 MiB, 0 %
2026/08/20 15:12:20.860, 1, NVIDIA L40S, 42639 MiB, 46068 MiB, 0 %
2026/08/20 15:12:20.860, 2, NVIDIA L40S, 42639 MiB, 46068 MiB, 0 %
2026/08/20 15:12:21.860, 0, NVIDIA L40S, 17601 MiB, 46068 MiB, 0 %
2026/08/20 15:12:21.861, 1, NVIDIA L40S, 42639 MiB, 46068 MiB, 0 %
2026/08/20 15:12:21.861, 2, NVIDIA L40S, 42639 MiB, 46068 MiB, 0 %
2026/08/20 15:12:22.862, 0, NVIDIA L40S, 17601 MiB, 46068 MiB, 0 %
2026/08/20 15:12:22.862, 1, NVIDIA L40S, 42639 MiB, 46068 MiB, 0 %
2026/08/20 15:12:22.862, 2, NVIDIA L40S, 42639 MiB, 46068 MiB, 0 %
2026/08/20 15:12:23.863, 0, NVIDIA L40S, 17601 MiB, 46068 MiB, 0 %
2026/08/20 15:12:23.863, 1, NVIDIA L40S, 42639 MiB, 46068 MiB, 0 %
2026/08/20 15:12:23.863, 2, NVIDIA L40S, 42639 MiB, 46068 MiB, 0 %
2026/08/20 15:12:24.863, 0, NVIDIA L40S, 17601 MiB, 46068 MiB, 0 %
2026/08/20 15:12:24.864, 1, NVIDIA L40S, 42639 MiB, 46068 MiB, 0 %
2026/08/20 15:12:24.864, 2, NVIDIA L40S, 42639 MiB, 46068 MiB, 0 %
2026/08/20 15:12:25.864, 0, NVIDIA L40S, 17601 MiB, 46068 MiB, 0 %
2026/08/20 15:12:25.865, 1, NVIDIA L40S, 42639 MiB, 46068 MiB, 0 %
2026/08/20 15:12:25.865, 2, NVIDIA L40S, 42639 MiB, 46068 MiB, 0 %
2026/08/20 15:12:26.865, 0, NVIDIA L40S, 17601 MiB, 46068 MiB, 0 %
2026/08/20 15:12:26.866, 1, NVIDIA L40S, 42639 MiB, 46068 MiB, 0 %
2026/08/20 15:12:26.866, 2, NVIDIA L40S, 42639 MiB, 46068 MiB, 0 %
2026/08/20 15:12:27.867, 0, NVIDIA L40S, 17601 MiB, 46068 MiB, 0 %
2026/08/20 15:12:27.867, 1, NVIDIA L40S, 42639 MiB, 46068 MiB, 0 %
2026/08/20 15:12:27.867, 2, NVIDIA L40S, 42639 MiB, 46068 MiB, 0 %
2026/08/20 15:12:28.868, 0, NVIDIA L40S, 17601 MiB, 46068 MiB, 0 %
2026/08/20 15:12:28.868, 1, NVIDIA L40S, 42639 MiB, 46068 MiB, 0 %
2026/08/20 15:12:28.868, 2, NVIDIA L40S, 42639 MiB, 46068 MiB, 0 %
2026/08/20 15:12:29.869, 0, NVIDIA L40S, 17601 MiB, 46068 MiB, 0 %
2026/08/20 15:12:29.869, 1, NVIDIA L40S, 42639 MiB, 46068 MiB, 0 %
2026/08/20 15:12:29.869, 2, NVIDIA L40S, 42639 MiB, 46068 MiB, 0 %
2026/08/20 15:12:30.870, 0, NVIDIA L40S, 17601 MiB, 46068 MiB, 0 %
2026/08/20 15:12:30.870, 1, NVIDIA L40S, 42639 MiB, 46068 MiB, 0 %
2026/08/20 15:12:30.870, 2, NVIDIA L40S, 42639 MiB, 46068 MiB, 0 %
2026/08/20 15:12:31.871, 0, NVIDIA L40S, 17601 MiB, 46068 MiB, 0 %
2026/08/20 15:12:31.871, 1, NVIDIA L40S, 42639 MiB, 46068 MiB, 0 %
2026/08/20 15:12:31.871, 2, NVIDIA L40S, 42639 MiB, 46068 MiB, 0 %
2026/08/20 15:12:32.871, 0, NVIDIA L40S, 17601 MiB, 46068 MiB, 0 %
2026/08/20 15:12:32.872, 1, NVIDIA L40S, 42639 MiB, 46068 MiB, 0 %
2026/08/20 15:12:32.872, 2, NVIDIA L40S, 42639 MiB, 46068 MiB, 0 %
2026/08/20 15:12:33.872, 0, NVIDIA L40S, 17601 MiB, 46068 MiB, 0 %
2026/08/20 15:12:33.873, 1, NVIDIA L40S, 42639 MiB, 46068 MiB, 0 %
2026/08/20 15:12:33.873, 2, NVIDIA L40S, 42639 MiB, 46068 MiB, 0 %
2026/08/20 15:12:34.873, 0, NVIDIA L40S, 17601 MiB, 46068 MiB, 0 %
2026/08/20 15:12:34.874, 1, NVIDIA L40S, 42639 MiB, 46068 MiB, 0 %
2026/08/20 15:12:34.874, 2, NVIDIA L40S, 42639 MiB, 46068 MiB, 0 %
2026/08/20 15:12:35.874, 0, NVIDIA L40S, 17601 MiB, 46068 MiB, 0 %
2026/08/20 15:12:35.875, 1, NVIDIA L40S, 42639 MiB, 46068 MiB, 0 %
2026/08/20 15:12:35.875, 2, NVIDIA L40S, 42639 MiB, 46068 MiB, 0 %
2026/08/20 15:12:36.875, 0, NVIDIA L40S, 17601 MiB, 46068 MiB, 0 %
2026/08/20 15:12:36.875, 1, NVIDIA L40S, 42639 MiB, 46068 MiB, 0 %
2026/08/20 15:12:36.876, 2, NVIDIA L40S, 42639 MiB, 46068 MiB, 0 %
2026/08/20 15:12:37.876, 0, NVIDIA L40S, 17601 MiB, 46068 MiB, 0 %
2026/08/20 15:12:37.876, 1, NVIDIA L40S, 42639 MiB, 46068 MiB, 0 %
2026/08/20 15:12:37.877, 2, NVIDIA L40S, 42639 MiB, 46068 MiB, 0 %
2026/08/20 15:12:38.877, 0, NVIDIA L40S, 17601 MiB, 46068 MiB, 0 %
2026/08/20 15:12:38.877, 1, NVIDIA L40S, 42639 MiB, 46068 MiB, 0 %
2026/08/20 15:12:38.878, 2, NVIDIA L40S, 42639 MiB, 46068 MiB, 0 %
2026/08/20 15:12:39.878, 0, NVIDIA L40S, 17601 MiB, 46068 MiB, 0 %
2026/08/20 15:12:39.878, 1, NVIDIA L40S, 42639 MiB, 46068 MiB, 0 %
2026/08/20 15:12:39.879, 2, NVIDIA L40S, 42639 MiB, 46068 MiB, 0 %
2026/08/20 15:12:40.879, 0, NVIDIA L40S, 17601 MiB, 46068 MiB, 0 %
2026/08/20 15:12:40.880, 1, NVIDIA L40S, 42639 MiB, 46068 MiB, 0 %
2026/08/20 15:12:40.880, 2, NVIDIA L40S, 42639 MiB, 46068 MiB, 0 %
2026/08/20 15:12:41.880, 0, NVIDIA L40S, 17601 MiB, 46068 MiB, 0 %
2026/08/20 15:12:41.881, 1, NVIDIA L40S, 42639 MiB, 46068 MiB, 0 %
2026/08/20 15:12:41.881, 2, NVIDIA L40S, 42639 MiB, 46068 MiB, 0 %
2026/08/20 15:12:42.881, 0, NVIDIA L40S, 17601 MiB, 46068 MiB, 0 %
2026/08/20 15:12:42.881, 1, NVIDIA L40S, 42639 MiB, 46068 MiB, 0 %
2026/08/20 15:12:42.882, 2, NVIDIA L40S, 42639 MiB, 46068 MiB, 0 %
2026/08/20 15:12:43.882, 0, NVIDIA L40S, 17601 MiB, 46068 MiB, 0 %
2026/08/20 15:12:43.882, 1, NVIDIA L40S, 42639 MiB, 46068 MiB, 0 %
2026/08/20 15:12:43.882, 2, NVIDIA L40S, 42639 MiB, 46068 MiB, 0 %
2026/08/20 15:12:44.882, 0, NVIDIA L40S, 17601 MiB, 46068 MiB, 0 %
2026/08/20 15:12:44.883, 1, NVIDIA L40S, 42639 MiB, 46068 MiB, 0 %
2026/08/20 15:12:44.883, 2, NVIDIA L40S, 42639 MiB, 46068 MiB, 0 %
2026/08/20 15:12:45.883, 0, NVIDIA L40S, 17601 MiB, 46068 MiB, 0 %
2026/08/20 15:12:45.884, 1, NVIDIA L40S, 42639 MiB, 46068 MiB, 0 %
2026/08/20 15:12:45.884, 2, NVIDIA L40S, 42639 MiB, 46068 MiB, 0 %
2026/08/20 15:12:46.884, 0, NVIDIA L40S, 17601 MiB, 46068 MiB, 0 %
2026/08/20 15:12:46.884, 1, NVIDIA L40S, 42639 MiB, 46068 MiB, 0 %
2026/08/20 15:12:46.885, 2, NVIDIA L40S, 42639 MiB, 46068 MiB, 0 %
2026/08/20 15:12:47.885, 0, NVIDIA L40S, 17601 MiB, 46068 MiB, 0 %
2026/08/20 15:12:47.885, 1, NVIDIA L40S, 42639 MiB, 46068 MiB, 0 %
2026/08/20 15:12:47.886, 2, NVIDIA L40S, 42639 MiB, 46068 MiB, 0 %
2026/08/20 15:12:48.886, 0, NVIDIA L40S, 17601 MiB, 46068 MiB, 0 %
2026/08/20 15:12:48.886, 1, NVIDIA L40S, 42639 MiB, 46068 MiB, 0 %
2026/08/20 15:12:48.886, 2, NVIDIA L40S, 42639 MiB, 46068 MiB, 0 %
2026/08/20 15:12:49.887, 0, NVIDIA L40S, 17601 MiB, 46068 MiB, 0 %
2026/08/20 15:12:49.887, 1, NVIDIA L40S, 42639 MiB, 46068 MiB, 0 %
2026/08/20 15:12:49.888, 2, NVIDIA L40S, 42639 MiB, 46068 MiB, 0 %
2026/08/20 15:12:50.888, 0, NVIDIA L40S, 17601 MiB, 46068 MiB, 0 %
2026/08/20 15:12:50.888, 1, NVIDIA L40S, 42639 MiB, 46068 MiB, 0 %
2026/08/20 15:12:50.889, 2, NVIDIA L40S, 42639 MiB, 46068 MiB, 0 %
2026/08/20 15:12:51.889, 0, NVIDIA L40S, 17601 MiB, 46068 MiB, 0 %
2026/08/20 15:12:51.889, 1, NVIDIA L40S, 42639 MiB, 46068 MiB, 0 %
2026/08/20 15:12:51.890, 2, NVIDIA L40S, 42639 MiB, 46068 MiB, 0 %
2026/08/20 15:12:52.890, 0, NVIDIA L40S, 17601 MiB, 46068 MiB, 0 %
2026/08/20 15:12:52.890, 1, NVIDIA L40S, 42639 MiB, 46068 MiB, 0 %
2026/08/20 15:12:52.890, 2, NVIDIA L40S, 42639 MiB, 46068 MiB, 0 %
2026/08/20 15:12:53.891, 0, NVIDIA L40S, 17601 MiB, 46068 MiB, 0 %
2026/08/20 15:12:53.891, 1, NVIDIA L40S, 42639 MiB, 46068 MiB, 0 %
2026/08/20 15:12:53.891, 2, NVIDIA L40S, 42639 MiB, 46068 MiB, 0 %
2026/08/20 15:12:54.892, 0, NVIDIA L40S, 17601 MiB, 46068 MiB, 0 %
2026/08/20 15:12:54.892, 1, NVIDIA L40S, 42639 MiB, 46068 MiB, 0 %
2026/08/20 15:12:54.892, 2, NVIDIA L40S, 42639 MiB, 46068 MiB, 0 %
2026/08/20 15:12:55.893, 0, NVIDIA L40S, 17601 MiB, 46068 MiB, 0 %
2026/08/20 15:12:55.893, 1, NVIDIA L40S, 42639 MiB, 46068 MiB, 0 %
2026/08/20 15:12:55.893, 2, NVIDIA L40S, 42639 MiB, 46068 MiB, 0 %
2026/08/20 15:12:56.894, 0, NVIDIA L40S, 17601 MiB, 46068 MiB, 0 %
2026/08/20 15:12:56.894, 1, NVIDIA L40S, 42639 MiB, 46068 MiB, 0 %
2026/08/20 15:12:56.894, 2, NVIDIA L40S, 42639 MiB, 46068 MiB, 0 %
2026/08/20 15:12:57.895, 0, NVIDIA L40S, 17601 MiB, 46068 MiB, 0 %
2026/08/20 15:12:57.895, 1, NVIDIA L40S, 42639 MiB, 46068 MiB, 0 %
2026/08/20 15:12:57.895, 2, NVIDIA L40S, 42639 MiB, 46068 MiB, 0 %
2026/08/20 15:12:58.896, 0, NVIDIA L40S, 17601 MiB, 46068 MiB, 0 %
2026/08/20 15:12:58.896, 1, NVIDIA L40S, 42639 MiB, 46068 MiB, 0 %
2026/08/20 15:12:58.896, 2, NVIDIA L40S, 42639 MiB, 46068 MiB, 0 %
2026/08/20 15:12:59.897, 0, NVIDIA L40S, 17601 MiB, 46068 MiB, 0 %
2026/08/20 15:12:59.897, 1, NVIDIA L40S, 42639 MiB, 46068 MiB, 0 %
2026/08/20 15:12:59.897, 2, NVIDIA L40S, 42639 MiB, 46068 MiB, 0 %
2026/08/20 15:13:00.898, 0, NVIDIA L40S, 17601 MiB, 46068 MiB, 0 %
2026/08/20 15:13:00.898, 1, NVIDIA L40S, 42639 MiB, 46068 MiB, 0 %
2026/08/20 15:13:00.898, 2, NVIDIA L40S, 42639 MiB, 46068 MiB, 0 %
2026/08/20 15:13:01.898, 0, NVIDIA L40S, 17601 MiB, 46068 MiB, 0 %
2026/08/20 15:13:01.899, 1, NVIDIA L40S, 42639 MiB, 46068 MiB, 0 %
2026/08/20 15:13:01.899, 2, NVIDIA L40S, 42639 MiB, 46068 MiB, 0 %
2026/08/20 15:13:02.899, 0, NVIDIA L40S, 17601 MiB, 46068 MiB, 0 %
2026/08/20 15:13:02.900, 1, NVIDIA L40S, 42639 MiB, 46068 MiB, 0 %
2026/08/20 15:13:02.900, 2, NVIDIA L40S, 42639 MiB, 46068 MiB, 0 %
2026/08/20 15:13:03.900, 0, NVIDIA L40S, 17601 MiB, 46068 MiB, 0 %
2026/08/20 15:13:03.901, 1, NVIDIA L40S, 42639 MiB, 46068 MiB, 0 %
2026/08/20 15:13:03.901, 2, NVIDIA L40S, 42639 MiB, 46068 MiB, 0 %
2026/08/20 15:13:04.901, 0, NVIDIA L40S, 17601 MiB, 46068 MiB, 0 %
2026/08/20 15:13:04.902, 1, NVIDIA L40S, 42639 MiB, 46068 MiB, 0 %
2026/08/20 15:13:04.902, 2, NVIDIA L40S, 42639 MiB, 46068 MiB, 0 %
2026/08/20 15:13:05.902, 0, NVIDIA L40S, 17601 MiB, 46068 MiB, 0 %
2026/08/20 15:13:05.903, 1, NVIDIA L40S, 42639 MiB, 46068 MiB, 0 %
2026/08/20 15:13:05.903, 2, NVIDIA L40S, 42639 MiB, 46068 MiB, 0 %
2026/08/20 15:13:06.903, 0, NVIDIA L40S, 17601 MiB, 46068 MiB, 0 %
2026/08/20 15:13:06.904, 1, NVIDIA L40S, 42639 MiB, 46068 MiB, 0 %
2026/08/20 15:13:06.904, 2, NVIDIA L40S, 42639 MiB, 46068 MiB, 0 %
2026/08/20 15:13:07.904, 0, NVIDIA L40S, 17601 MiB, 46068 MiB, 0 %
2026/08/20 15:13:07.905, 1, NVIDIA L40S, 42639 MiB, 46068 MiB, 0 %
2026/08/20 15:13:07.905, 2, NVIDIA L40S, 42639 MiB, 46068 MiB, 0 %
2026/08/20 15:13:08.905, 0, NVIDIA L40S, 17601 MiB, 46068 MiB, 0 %
2026/08/20 15:13:08.906, 1, NVIDIA L40S, 42639 MiB, 46068 MiB, 0 %
2026/08/20 15:13:08.906, 2, NVIDIA L40S, 42639 MiB, 46068 MiB, 0 %
2026/08/20 15:13:09.906, 0, NVIDIA L40S, 17601 MiB, 46068 MiB, 0 %
2026/08/20 15:13:09.906, 1, NVIDIA L40S, 42639 MiB, 46068 MiB, 0 %
2026/08/20 15:13:09.906, 2, NVIDIA L40S, 42639 MiB, 46068 MiB, 0 %
2026/08/20 15:13:10.907, 0, NVIDIA L40S, 17601 MiB, 46068 MiB, 0 %
2026/08/20 15:13:10.907, 1, NVIDIA L40S, 42639 MiB, 46068 MiB, 0 %
2026/08/20 15:13:10.907, 2, NVIDIA L40S, 42639 MiB, 46068 MiB, 0 %
2026/08/20 15:13:11.908, 0, NVIDIA L40S, 17601 MiB, 46068 MiB, 0 %
2026/08/20 15:13:11.908, 1, NVIDIA L40S, 42639 MiB, 46068 MiB, 0 %
2026/08/20 15:13:11.908, 2, NVIDIA L40S, 42639 MiB, 46068 MiB, 0 %
2026/08/20 15:13:12.909, 0, NVIDIA L40S, 17601 MiB, 46068 MiB, 0 %
2026/08/20 15:13:12.909, 1, NVIDIA L40S, 42639 MiB, 46068 MiB, 0 %
2026/08/20 15:13:12.909, 2, NVIDIA L40S, 42639 MiB, 46068 MiB, 0 %
2026/08/20 15:13:13.910, 0, NVIDIA L40S, 17601 MiB, 46068 MiB, 0 %
2026/08/20 15:13:13.910, 1, NVIDIA L40S, 42639 MiB, 46068 MiB, 0 %
2026/08/20 15:13:13.910, 2, NVIDIA L40S, 42639 MiB, 46068 MiB, 0 %
2026/08/20 15:13:14.911, 0, NVIDIA L40S, 17601 MiB, 46068 MiB, 0 %
2026/08/20 15:13:14.911, 1, NVIDIA L40S, 42639 MiB, 46068 MiB, 0 %
2026/08/20 15:13:14.911, 2, NVIDIA L40S, 42639 MiB, 46068 MiB, 0 %
2026/08/20 15:13:15.911, 0, NVIDIA L40S, 17601 MiB, 46068 MiB, 0 %
2026/08/20 15:13:15.912, 1, NVIDIA L40S, 42639 MiB, 46068 MiB, 0 %
2026/08/20 15:13:15.912, 2, NVIDIA L40S, 42639 MiB, 46068 MiB, 0 %
2026/08/20 15:13:16.912, 0, NVIDIA L40S, 17601 MiB, 46068 MiB, 0 %
2026/08/20 15:13:16.913, 1, NVIDIA L40S, 42639 MiB, 46068 MiB, 0 %
2026/08/20 15:13:16.913, 2, NVIDIA L40S, 42639 MiB, 46068 MiB, 0 %
2026/08/20 15:13:17.913, 0, NVIDIA L40S, 17601 MiB, 46068 MiB, 0 %
2026/08/20 15:13:17.914, 1, NVIDIA L40S, 42639 MiB, 46068 MiB, 0 %
2026/08/20 15:13:17.914, 2, NVIDIA L40S, 42639 MiB, 46068 MiB, 0 %
2026/08/20 15:13:18.914, 0, NVIDIA L40S, 17601 MiB, 46068 MiB, 0 %
2026/08/20 15:13:18.915, 1, NVIDIA L40S, 42639 MiB, 46068 MiB, 0 %
2026/08/20 15:13:18.915, 2, NVIDIA L40S, 42639 MiB, 46068 MiB, 0 %
2026/08/20 15:13:19.915, 0, NVIDIA L40S, 17601 MiB, 46068 MiB, 0 %
2026/08/20 15:13:19.916, 1, NVIDIA L40S, 42639 MiB, 46068 MiB, 0 %
2026/08/20 15:13:19.916, 2, NVIDIA L40S, 42639 MiB, 46068 MiB, 0 %
2026/08/20 15:13:20.916, 0, NVIDIA L40S, 17601 MiB, 46068 MiB, 0 %
2026/08/20 15:13:20.917, 1, NVIDIA L40S, 42639 MiB, 46068 MiB, 0 %
2026/08/20 15:13:20.917, 2, NVIDIA L40S, 42639 MiB, 46068 MiB, 0 %
2026/08/20 15:13:21.917, 0, NVIDIA L40S, 17601 MiB, 46068 MiB, 0 %
2026/08/20 15:13:21.918, 1, NVIDIA L40S, 42639 MiB, 46068 MiB, 0 %
2026/08/20 15:13:21.918, 2, NVIDIA L40S, 42639 MiB, 46068 MiB, 0 %
2026/08/20 15:13:22.918, 0, NVIDIA L40S, 17601 MiB, 46068 MiB, 0 %
2026/08/20 15:13:22.919, 1, NVIDIA L40S, 42639 MiB, 46068 MiB, 0 %
2026/08/20 15:13:22.919, 2, NVIDIA L40S, 42639 MiB, 46068 MiB, 0 %
2026/08/20 15:13:23.919, 0, NVIDIA L40S, 17601 MiB, 46068 MiB, 0 %
2026/08/20 15:13:23.919, 1, NVIDIA L40S, 42639 MiB, 46068 MiB, 0 %
2026/08/20 15:13:23.920, 2, NVIDIA L40S, 42639 MiB, 46068 MiB, 0 %
2026/08/20 15:13:24.920, 0, NVIDIA L40S, 17601 MiB, 46068 MiB, 0 %
2026/08/20 15:13:24.920, 1, NVIDIA L40S, 42639 MiB, 46068 MiB, 0 %
2026/08/20 15:13:24.921, 2, NVIDIA L40S, 42639 MiB, 46068 MiB, 0 %
2026/08/20 15:13:25.921, 0, NVIDIA L40S, 17601 MiB, 46068 MiB, 0 %
2026/08/20 15:13:25.921, 1, NVIDIA L40S, 42639 MiB, 46068 MiB, 0 %
2026/08/20 15:13:25.921, 2, NVIDIA L40S, 42639 MiB, 46068 MiB, 0 %
2026/08/20 15:13:26.922, 0, NVIDIA L40S, 17601 MiB, 46068 MiB, 0 %
2026/08/20 15:13:26.922, 1, NVIDIA L40S, 42639 MiB, 46068 MiB, 0 %
2026/08/20 15:13:26.922, 2, NVIDIA L40S, 42639 MiB, 46068 MiB, 0 %
2026/08/20 15:13:27.923, 0, NVIDIA L40S, 17601 MiB, 46068 MiB, 0 %
2026/08/20 15:13:27.923, 1, NVIDIA L40S, 42639 MiB, 46068 MiB, 0 %
2026/08/20 15:13:27.924, 2, NVIDIA L40S, 42639 MiB, 46068 MiB, 0 %
2026/08/20 15:13:28.924, 0, NVIDIA L40S, 17601 MiB, 46068 MiB, 0 %
2026/08/20 15:13:28.924, 1, NVIDIA L40S, 42639 MiB, 46068 MiB, 0 %
2026/08/20 15:13:28.925, 2, NVIDIA L40S, 42639 MiB, 46068 MiB, 0 %
2026/08/20 15:13:29.925, 0, NVIDIA L40S, 17601 MiB, 46068 MiB, 0 %
2026/08/20 15:13:29.926, 1, NVIDIA L40S, 42639 MiB, 46068 MiB, 0 %
2026/08/20 15:13:29.926, 2, NVIDIA L40S, 42639 MiB, 46068 MiB, 0 %
2026/08/20 15:13:30.926, 0, NVIDIA L40S, 17601 MiB, 46068 MiB, 0 %
2026/08/20 15:13:30.927, 1, NVIDIA L40S, 42639 MiB, 46068 MiB, 0 %
2026/08/20 15:13:30.927, 2, NVIDIA L40S, 42639 MiB, 46068 MiB, 0 %
2026/08/20 15:13:31.927, 0, NVIDIA L40S, 17601 MiB, 46068 MiB, 0 %
2026/08/20 15:13:31.928, 1, NVIDIA L40S, 42639 MiB, 46068 MiB, 0 %
2026/08/20 15:13:31.928, 2, NVIDIA L40S, 42639 MiB, 46068 MiB, 0 %
2026/08/20 15:13:32.928, 0, NVIDIA L40S, 17601 MiB, 46068 MiB, 0 %
2026/08/20 15:13:32.928, 1, NVIDIA L40S, 42639 MiB, 46068 MiB, 0 %
2026/08/20 15:13:32.929, 2, NVIDIA L40S, 42639 MiB, 46068 MiB, 0 %
2026/08/20 15:13:33.929, 0, NVIDIA L40S, 17601 MiB, 46068 MiB, 0 %
2026/08/20 15:13:33.930, 1, NVIDIA L40S, 42639 MiB, 46068 MiB, 0 %
2026/08/20 15:13:33.930, 2, NVIDIA L40S, 42639 MiB, 46068 MiB, 0 %
2026/08/20 15:13:34.930, 0, NVIDIA L40S, 17601 MiB, 46068 MiB, 0 %
2026/08/20 15:13:34.931, 1, NVIDIA L40S, 42639 MiB, 46068 MiB, 0 %
2026/08/20 15:13:34.931, 2, NVIDIA L40S, 42639 MiB, 46068 MiB, 0 %
2026/08/20 15:13:35.931, 0, NVIDIA L40S, 17601 MiB, 46068 MiB, 0 %
2026/08/20 15:13:35.932, 1, NVIDIA L40S, 42639 MiB, 46068 MiB, 0 %
2026/08/20 15:13:35.932, 2, NVIDIA L40S, 42639 MiB, 46068 MiB, 0 %
2026/08/20 15:13:36.932, 0, NVIDIA L40S, 17601 MiB, 46068 MiB, 0 %
2026/08/20 15:13:36.933, 1, NVIDIA L40S, 42639 MiB, 46068 MiB, 0 %
2026/08/20 15:13:36.933, 2, NVIDIA L40S, 42639 MiB, 46068 MiB, 0 %
2026/08/20 15:13:37.933, 0, NVIDIA L40S, 17601 MiB, 46068 MiB, 0 %
2026/08/20 15:13:37.934, 1, NVIDIA L40S, 42639 MiB, 46068 MiB, 0 %
2026/08/20 15:13:37.934, 2, NVIDIA L40S, 42639 MiB, 46068 MiB, 0 %
2026/08/20 15:13:38.934, 0, NVIDIA L40S, 17601 MiB, 46068 MiB, 0 %
2026/08/20 15:13:38.935, 1, NVIDIA L40S, 42639 MiB, 46068 MiB, 0 %
2026/08/20 15:13:38.935, 2, NVIDIA L40S, 42639 MiB, 46068 MiB, 0 %
2026/08/20 15:13:39.936, 0, NVIDIA L40S, 17601 MiB, 46068 MiB, 0 %
2026/08/20 15:13:39.936, 1, NVIDIA L40S, 42639 MiB, 46068 MiB, 0 %
2026/08/20 15:13:39.936, 2, NVIDIA L40S, 42639 MiB, 46068 MiB, 0 %
2026/08/20 15:13:40.936, 0, NVIDIA L40S, 17601 MiB, 46068 MiB, 0 %
2026/08/20 15:13:40.937, 1, NVIDIA L40S, 42639 MiB, 46068 MiB, 0 %
2026/08/20 15:13:40.937, 2, NVIDIA L40S, 42639 MiB, 46068 MiB, 0 %
2026/08/20 15:13:41.937, 0, NVIDIA L40S, 17601 MiB, 46068 MiB, 0 %
2026/08/20 15:13:41.938, 1, NVIDIA L40S, 42639 MiB, 46068 MiB, 0 %
2026/08/20 15:13:41.938, 2, NVIDIA L40S, 42639 MiB, 46068 MiB, 0 %
2026/08/20 15:13:42.938, 0, NVIDIA L40S, 17601 MiB, 46068 MiB, 0 %
2026/08/20 15:13:42.938, 1, NVIDIA L40S, 42639 MiB, 46068 MiB, 0 %
2026/08/20 15:13:42.939, 2, NVIDIA L40S, 42639 MiB, 46068 MiB, 0 %
2026/08/20 15:13:43.939, 0, NVIDIA L40S, 17601 MiB, 46068 MiB, 0 %
2026/08/20 15:13:43.940, 1, NVIDIA L40S, 42639 MiB, 46068 MiB, 0 %
2026/08/20 15:13:43.940, 2, NVIDIA L40S, 42639 MiB, 46068 MiB, 0 %
2026/08/20 15:13:44.940, 0, NVIDIA L40S, 17601 MiB, 46068 MiB, 0 %
2026/08/20 15:13:44.940, 1, NVIDIA L40S, 42639 MiB, 46068 MiB, 0 %
2026/08/20 15:13:44.941, 2, NVIDIA L40S, 42639 MiB, 46068 MiB, 0 %
2026/08/20 15:13:45.941, 0, NVIDIA L40S, 17601 MiB, 46068 MiB, 0 %
2026/08/20 15:13:45.942, 1, NVIDIA L40S, 42639 MiB, 46068 MiB, 0 %
2026/08/20 15:13:45.942, 2, NVIDIA L40S, 42639 MiB, 46068 MiB, 0 %
2026/08/20 15:13:46.942, 0, NVIDIA L40S, 17601 MiB, 46068 MiB, 0 %
2026/08/20 15:13:46.943, 1, NVIDIA L40S, 42639 MiB, 46068 MiB, 0 %
2026/08/20 15:13:46.943, 2, NVIDIA L40S, 42639 MiB, 46068 MiB, 0 %
2026/08/20 15:13:47.944, 0, NVIDIA L40S, 17601 MiB, 46068 MiB, 0 %
2026/08/20 15:13:47.944, 1, NVIDIA L40S, 42639 MiB, 46068 MiB, 0 %
2026/08/20 15:13:47.944, 2, NVIDIA L40S, 42639 MiB, 46068 MiB, 0 %
2026/08/20 15:13:48.945, 0, NVIDIA L40S, 17601 MiB, 46068 MiB, 0 %
2026/08/20 15:13:48.945, 1, NVIDIA L40S, 42639 MiB, 46068 MiB, 0 %
2026/08/20 15:13:48.945, 2, NVIDIA L40S, 42639 MiB, 46068 MiB, 0 %
2026/08/20 15:13:49.945, 0, NVIDIA L40S, 17601 MiB, 46068 MiB, 0 %
2026/08/20 15:13:49.946, 1, NVIDIA L40S, 42639 MiB, 46068 MiB, 0 %
2026/08/20 15:13:49.946, 2, NVIDIA L40S, 42639 MiB, 46068 MiB, 0 %
2026/08/20 15:13:50.946, 0, NVIDIA L40S, 17601 MiB, 46068 MiB, 0 %
2026/08/20 15:13:50.947, 1, NVIDIA L40S, 42639 MiB, 46068 MiB, 0 %
2026/08/20 15:13:50.947, 2, NVIDIA L40S, 42639 MiB, 46068 MiB, 0 %
2026/08/20 15:13:51.947, 0, NVIDIA L40S, 17601 MiB, 46068 MiB, 0 %
2026/08/20 15:13:51.948, 1, NVIDIA L40S, 42639 MiB, 46068 MiB, 0 %
2026/08/20 15:13:51.948, 2, NVIDIA L40S, 42639 MiB, 46068 MiB, 0 %
2026/08/20 15:13:52.948, 0, NVIDIA L40S, 17601 MiB, 46068 MiB, 0 %
2026/08/20 15:13:52.948, 1, NVIDIA L40S, 42639 MiB, 46068 MiB, 0 %
2026/08/20 15:13:52.949, 2, NVIDIA L40S, 42639 MiB, 46068 MiB, 0 %
2026/08/20 15:13:53.949, 0, NVIDIA L40S, 17601 MiB, 46068 MiB, 0 %
2026/08/20 15:13:53.949, 1, NVIDIA L40S, 42639 MiB, 46068 MiB, 0 %
2026/08/20 15:13:53.950, 2, NVIDIA L40S, 42639 MiB, 46068 MiB, 0 %
2026/08/20 15:13:54.950, 0, NVIDIA L40S, 17601 MiB, 46068 MiB, 0 %
2026/08/20 15:13:54.950, 1, NVIDIA L40S, 42639 MiB, 46068 MiB, 0 %
2026/08/20 15:13:54.951, 2, NVIDIA L40S, 42639 MiB, 46068 MiB, 0 %
2026/08/20 15:13:55.951, 0, NVIDIA L40S, 17601 MiB, 46068 MiB, 0 %
2026/08/20 15:13:55.951, 1, NVIDIA L40S, 42639 MiB, 46068 MiB, 0 %
2026/08/20 15:13:55.951, 2, NVIDIA L40S, 42639 MiB, 46068 MiB, 0 %
2026/08/20 15:13:56.952, 0, NVIDIA L40S, 17601 MiB, 46068 MiB, 0 %
2026/08/20 15:13:56.952, 1, NVIDIA L40S, 42639 MiB, 46068 MiB, 0 %
2026/08/20 15:13:56.952, 2, NVIDIA L40S, 42639 MiB, 46068 MiB, 0 %
2026/08/20 15:13:57.952, 0, NVIDIA L40S, 17601 MiB, 46068 MiB, 0 %
2026/08/20 15:13:57.953, 1, NVIDIA L40S, 42639 MiB, 46068 MiB, 0 %
2026/08/20 15:13:57.953, 2, NVIDIA L40S, 42639 MiB, 46068 MiB, 0 %
2026/08/20 15:13:58.953, 0, NVIDIA L40S, 17601 MiB, 46068 MiB, 0 %
2026/08/20 15:13:58.953, 1, NVIDIA L40S, 42639 MiB, 46068 MiB, 0 %
2026/08/20 15:13:58.953, 2, NVIDIA L40S, 42639 MiB, 46068 MiB, 0 %
2026/08/20 15:13:59.954, 0, NVIDIA L40S, 17601 MiB, 46068 MiB, 0 %
2026/08/20 15:13:59.954, 1, NVIDIA L40S, 42639 MiB, 46068 MiB, 0 %
2026/08/20 15:13:59.954, 2, NVIDIA L40S, 42639 MiB, 46068 MiB, 0 %
2026/08/20 15:14:00.955, 0, NVIDIA L40S, 17601 MiB, 46068 MiB, 0 %
2026/08/20 15:14:00.955, 1, NVIDIA L40S, 42639 MiB, 46068 MiB, 0 %
2026/08/20 15:14:00.955, 2, NVIDIA L40S, 42639 MiB, 46068 MiB, 0 %
2026/08/20 15:14:01.956, 0, NVIDIA L40S, 17601 MiB, 46068 MiB, 0 %
2026/08/20 15:14:01.956, 1, NVIDIA L40S, 42639 MiB, 46068 MiB, 0 %
2026/08/20 15:14:01.956, 2, NVIDIA L40S, 42639 MiB, 46068 MiB, 0 %
2026/08/20 15:14:02.956, 0, NVIDIA L40S, 17601 MiB, 46068 MiB, 0 %
2026/08/20 15:14:02.957, 1, NVIDIA L40S, 42639 MiB, 46068 MiB, 0 %
2026/08/20 15:14:02.957, 2, NVIDIA L40S, 42639 MiB, 46068 MiB, 0 %
2026/08/20 15:14:03.957, 0, NVIDIA L40S, 17601 MiB, 46068 MiB, 0 %
2026/08/20 15:14:03.957, 1, NVIDIA L40S, 42639 MiB, 46068 MiB, 0 %
2026/08/20 15:14:03.957, 2, NVIDIA L40S, 42639 MiB, 46068 MiB, 0 %
2026/08/20 15:14:04.958, 0, NVIDIA L40S, 17601 MiB, 46068 MiB, 0 %
2026/08/20 15:14:04.958, 1, NVIDIA L40S, 42639 MiB, 46068 MiB, 0 %
2026/08/20 15:14:04.958, 2, NVIDIA L40S, 42639 MiB, 46068 MiB, 0 %
2026/08/20 15:14:05.958, 0, NVIDIA L40S, 17601 MiB, 46068 MiB, 0 %
2026/08/20 15:14:05.959, 1, NVIDIA L40S, 42639 MiB, 46068 MiB, 0 %
2026/08/20 15:14:05.959, 2, NVIDIA L40S, 42639 MiB, 46068 MiB, 0 %
2026/08/20 15:14:06.959, 0, NVIDIA L40S, 17601 MiB, 46068 MiB, 0 %
2026/08/20 15:14:06.959, 1, NVIDIA L40S, 42639 MiB, 46068 MiB, 0 %
2026/08/20 15:14:06.959, 2, NVIDIA L40S, 42639 MiB, 46068 MiB, 0 %
2026/08/20 15:14:07.960, 0, NVIDIA L40S, 17601 MiB, 46068 MiB, 0 %
2026/08/20 15:14:07.960, 1, NVIDIA L40S, 42639 MiB, 46068 MiB, 0 %
2026/08/20 15:14:07.961, 2, NVIDIA L40S, 42639 MiB, 46068 MiB, 0 %
2026/08/20 15:14:08.961, 0, NVIDIA L40S, 17601 MiB, 46068 MiB, 0 %
2026/08/20 15:14:08.962, 1, NVIDIA L40S, 42639 MiB, 46068 MiB, 0 %
2026/08/20 15:14:08.962, 2, NVIDIA L40S, 42639 MiB, 46068 MiB, 0 %
2026/08/20 15:14:09.962, 0, NVIDIA L40S, 17601 MiB, 46068 MiB, 0 %
2026/08/20 15:14:09.963, 1, NVIDIA L40S, 42639 MiB, 46068 MiB, 0 %
2026/08/20 15:14:09.963, 2, NVIDIA L40S, 42639 MiB, 46068 MiB, 0 %
2026/08/20 15:14:10.963, 0, NVIDIA L40S, 17601 MiB, 46068 MiB, 0 %
2026/08/20 15:14:10.964, 1, NVIDIA L40S, 42639 MiB, 46068 MiB, 0 %
2026/08/20 15:14:10.964, 2, NVIDIA L40S, 42639 MiB, 46068 MiB, 0 %
2026/08/20 15:14:11.964, 0, NVIDIA L40S, 17601 MiB, 46068 MiB, 0 %
2026/08/20 15:14:11.965, 1, NVIDIA L40S, 42639 MiB, 46068 MiB, 0 %
2026/08/20 15:14:11.965, 2, NVIDIA L40S, 42639 MiB, 46068 MiB, 0 %
2026/08/20 15:14:12.965, 0, NVIDIA L40S, 17601 MiB, 46068 MiB, 0 %
2026/08/20 15:14:12.966, 1, NVIDIA L40S, 42639 MiB, 46068 MiB, 0 %
2026/08/20 15:14:12.966, 2, NVIDIA L40S, 42639 MiB, 46068 MiB, 0 %
2026/08/20 15:14:13.966, 0, NVIDIA L40S, 17601 MiB, 46068 MiB, 0 %
2026/08/20 15:14:13.967, 1, NVIDIA L40S, 42639 MiB, 46068 MiB, 0 %
2026/08/20 15:14:13.967, 2, NVIDIA L40S, 42639 MiB, 46068 MiB, 0 %
2026/08/20 15:14:14.967, 0, NVIDIA L40S, 17601 MiB, 46068 MiB, 0 %
2026/08/20 15:14:14.967, 1, NVIDIA L40S, 42639 MiB, 46068 MiB, 0 %
2026/08/20 15:14:14.967, 2, NVIDIA L40S, 42639 MiB, 46068 MiB, 0 %
2026/08/20 15:14:15.968, 0, NVIDIA L40S, 17601 MiB, 46068 MiB, 0 %
2026/08/20 15:14:15.968, 1, NVIDIA L40S, 42639 MiB, 46068 MiB, 0 %
2026/08/20 15:14:15.968, 2, NVIDIA L40S, 42639 MiB, 46068 MiB, 0 %
2026/08/20 15:14:16.968, 0, NVIDIA L40S, 17601 MiB, 46068 MiB, 0 %
2026/08/20 15:14:16.968, 1, NVIDIA L40S, 42639 MiB, 46068 MiB, 0 %
2026/08/20 15:14:16.968, 2, NVIDIA L40S, 42639 MiB, 46068 MiB, 0 %
2026/08/20 15:14:17.969, 0, NVIDIA L40S, 17601 MiB, 46068 MiB, 0 %
2026/08/20 15:14:17.969, 1, NVIDIA L40S, 42639 MiB, 46068 MiB, 0 %
2026/08/20 15:14:17.969, 2, NVIDIA L40S, 42639 MiB, 46068 MiB, 0 %
2026/08/20 15:14:18.970, 0, NVIDIA L40S, 17601 MiB, 46068 MiB, 0 %
2026/08/20 15:14:18.970, 1, NVIDIA L40S, 42639 MiB, 46068 MiB, 0 %
2026/08/20 15:14:18.970, 2, NVIDIA L40S, 42639 MiB, 46068 MiB, 0 %
2026/08/20 15:14:19.970, 0, NVIDIA L40S, 17601 MiB, 46068 MiB, 0 %
2026/08/20 15:14:19.971, 1, NVIDIA L40S, 42639 MiB, 46068 MiB, 0 %
2026/08/20 15:14:19.971, 2, NVIDIA L40S, 42639 MiB, 46068 MiB, 0 %
2026/08/20 15:14:20.971, 0, NVIDIA L40S, 17601 MiB, 46068 MiB, 0 %
2026/08/20 15:14:20.972, 1, NVIDIA L40S, 42639 MiB, 46068 MiB, 0 %
2026/08/20 15:14:20.972, 2, NVIDIA L40S, 42639 MiB, 46068 MiB, 0 %
2026/08/20 15:14:21.972, 0, NVIDIA L40S, 17601 MiB, 46068 MiB, 0 %
2026/08/20 15:14:21.973, 1, NVIDIA L40S, 42639 MiB, 46068 MiB, 0 %
2026/08/20 15:14:21.973, 2, NVIDIA L40S, 42639 MiB, 46068 MiB, 0 %
2026/08/20 15:14:22.973, 0, NVIDIA L40S, 17601 MiB, 46068 MiB, 0 %
2026/08/20 15:14:22.974, 1, NVIDIA L40S, 42639 MiB, 46068 MiB, 0 %
2026/08/20 15:14:22.974, 2, NVIDIA L40S, 42639 MiB, 46068 MiB, 0 %
2026/08/20 15:14:23.974, 0, NVIDIA L40S, 17601 MiB, 46068 MiB, 0 %
2026/08/20 15:14:23.975, 1, NVIDIA L40S, 42639 MiB, 46068 MiB, 0 %
2026/08/20 15:14:23.975, 2, NVIDIA L40S, 42639 MiB, 46068 MiB, 0 %
2026/08/20 15:14:24.975, 0, NVIDIA L40S, 17601 MiB, 46068 MiB, 0 %
2026/08/20 15:14:24.976, 1, NVIDIA L40S, 42639 MiB, 46068 MiB, 0 %
2026/08/20 15:14:24.976, 2, NVIDIA L40S, 42639 MiB, 46068 MiB, 0 %
2026/08/20 15:14:25.976, 0, NVIDIA L40S, 17601 MiB, 46068 MiB, 0 %
2026/08/20 15:14:25.976, 1, NVIDIA L40S, 42639 MiB, 46068 MiB, 0 %
2026/08/20 15:14:25.977, 2, NVIDIA L40S, 42639 MiB, 46068 MiB, 0 %
2026/08/20 15:14:26.977, 0, NVIDIA L40S, 17601 MiB, 46068 MiB, 0 %
2026/08/20 15:14:26.977, 1, NVIDIA L40S, 42639 MiB, 46068 MiB, 0 %
2026/08/20 15:14:26.977, 2, NVIDIA L40S, 42639 MiB, 46068 MiB, 0 %
2026/08/20 15:14:27.978, 0, NVIDIA L40S, 17601 MiB, 46068 MiB, 0 %
2026/08/20 15:14:27.978, 1, NVIDIA L40S, 42639 MiB, 46068 MiB, 0 %
2026/08/20 15:14:27.978, 2, NVIDIA L40S, 42639 MiB, 46068 MiB, 0 %
2026/08/20 15:14:28.979, 0, NVIDIA L40S, 17601 MiB, 46068 MiB, 0 %
2026/08/20 15:14:28.979, 1, NVIDIA L40S, 42639 MiB, 46068 MiB, 0 %
2026/08/20 15:14:28.980, 2, NVIDIA L40S, 42639 MiB, 46068 MiB, 0 %
2026/08/20 15:14:29.980, 0, NVIDIA L40S, 17601 MiB, 46068 MiB, 0 %
2026/08/20 15:14:29.980, 1, NVIDIA L40S, 42639 MiB, 46068 MiB, 0 %
2026/08/20 15:14:29.980, 2, NVIDIA L40S, 42639 MiB, 46068 MiB, 0 %
2026/08/20 15:14:30.981, 0, NVIDIA L40S, 17601 MiB, 46068 MiB, 0 %
2026/08/20 15:14:30.981, 1, NVIDIA L40S, 42639 MiB, 46068 MiB, 0 %
2026/08/20 15:14:30.981, 2, NVIDIA L40S, 42639 MiB, 46068 MiB, 0 %
2026/08/20 15:14:31.982, 0, NVIDIA L40S, 17601 MiB, 46068 MiB, 0 %
2026/08/20 15:14:31.982, 1, NVIDIA L40S, 42639 MiB, 46068 MiB, 0 %
2026/08/20 15:14:31.982, 2, NVIDIA L40S, 42639 MiB, 46068 MiB, 0 %
2026/08/20 15:14:32.983, 0, NVIDIA L40S, 17601 MiB, 46068 MiB, 0 %
2026/08/20 15:14:32.983, 1, NVIDIA L40S, 42639 MiB, 46068 MiB, 0 %
2026/08/20 15:14:32.983, 2, NVIDIA L40S, 42639 MiB, 46068 MiB, 0 %
2026/08/20 15:14:33.983, 0, NVIDIA L40S, 17601 MiB, 46068 MiB, 0 %
2026/08/20 15:14:33.984, 1, NVIDIA L40S, 42639 MiB, 46068 MiB, 0 %
2026/08/20 15:14:33.984, 2, NVIDIA L40S, 42639 MiB, 46068 MiB, 0 %
2026/08/20 15:14:34.984, 0, NVIDIA L40S, 17601 MiB, 46068 MiB, 0 %
2026/08/20 15:14:34.985, 1, NVIDIA L40S, 42639 MiB, 46068 MiB, 0 %
2026/08/20 15:14:34.985, 2, NVIDIA L40S, 42639 MiB, 46068 MiB, 0 %
2026/08/20 15:14:35.985, 0, NVIDIA L40S, 17601 MiB, 46068 MiB, 0 %
2026/08/20 15:14:35.986, 1, NVIDIA L40S, 42639 MiB, 46068 MiB, 0 %
2026/08/20 15:14:35.986, 2, NVIDIA L40S, 42639 MiB, 46068 MiB, 0 %
2026/08/20 15:14:36.986, 0, NVIDIA L40S, 17601 MiB, 46068 MiB, 0 %
2026/08/20 15:14:36.986, 1, NVIDIA L40S, 42639 MiB, 46068 MiB, 0 %
2026/08/20 15:14:36.986, 2, NVIDIA L40S, 42639 MiB, 46068 MiB, 0 %
2026/08/20 15:14:37.987, 0, NVIDIA L40S, 17601 MiB, 46068 MiB, 0 %
2026/08/20 15:14:37.987, 1, NVIDIA L40S, 42639 MiB, 46068 MiB, 0 %
2026/08/20 15:14:37.987, 2, NVIDIA L40S, 42639 MiB, 46068 MiB, 0 %
2026/08/20 15:14:38.987, 0, NVIDIA L40S, 17601 MiB, 46068 MiB, 0 %
2026/08/20 15:14:38.988, 1, NVIDIA L40S, 42639 MiB, 46068 MiB, 0 %
2026/08/20 15:14:38.988, 2, NVIDIA L40S, 42639 MiB, 46068 MiB, 0 %
2026/08/20 15:14:39.988, 0, NVIDIA L40S, 17601 MiB, 46068 MiB, 0 %
2026/08/20 15:14:39.989, 1, NVIDIA L40S, 42639 MiB, 46068 MiB, 0 %
2026/08/20 15:14:39.989, 2, NVIDIA L40S, 42639 MiB, 46068 MiB, 0 %
2026/08/20 15:14:40.989, 0, NVIDIA L40S, 17601 MiB, 46068 MiB, 0 %
2026/08/20 15:14:40.990, 1, NVIDIA L40S, 42639 MiB, 46068 MiB, 0 %
2026/08/20 15:14:40.990, 2, NVIDIA L40S, 42639 MiB, 46068 MiB, 0 %
2026/08/20 15:14:41.990, 0, NVIDIA L40S, 17601 MiB, 46068 MiB, 0 %
2026/08/20 15:14:41.991, 1, NVIDIA L40S, 42639 MiB, 46068 MiB, 0 %
2026/08/20 15:14:41.991, 2, NVIDIA L40S, 42639 MiB, 46068 MiB, 0 %
2026/08/20 15:14:42.991, 0, NVIDIA L40S, 17601 MiB, 46068 MiB, 0 %
2026/08/20 15:14:42.992, 1, NVIDIA L40S, 42639 MiB, 46068 MiB, 0 %
2026/08/20 15:14:42.992, 2, NVIDIA L40S, 42639 MiB, 46068 MiB, 0 %
2026/08/20 15:14:43.992, 0, NVIDIA L40S, 17601 MiB, 46068 MiB, 0 %
2026/08/20 15:14:43.993, 1, NVIDIA L40S, 42639 MiB, 46068 MiB, 0 %
2026/08/20 15:14:43.993, 2, NVIDIA L40S, 42639 MiB, 46068 MiB, 0 %
2026/08/20 15:14:44.993, 0, NVIDIA L40S, 17601 MiB, 46068 MiB, 0 %
2026/08/20 15:14:44.994, 1, NVIDIA L40S, 42639 MiB, 46068 MiB, 0 %
2026/08/20 15:14:44.994, 2, NVIDIA L40S, 42639 MiB, 46068 MiB, 0 %
2026/08/20 15:14:45.994, 0, NVIDIA L40S, 17601 MiB, 46068 MiB, 0 %
2026/08/20 15:14:45.995, 1, NVIDIA L40S, 42639 MiB, 46068 MiB, 0 %
2026/08/20 15:14:45.995, 2, NVIDIA L40S, 42639 MiB, 46068 MiB, 0 %
2026/08/20 15:14:46.995, 0, NVIDIA L40S, 17601 MiB, 46068 MiB, 0 %
2026/08/20 15:14:46.995, 1, NVIDIA L40S, 42639 MiB, 46068 MiB, 0 %
2026/08/20 15:14:46.995, 2, NVIDIA L40S, 42639 MiB, 46068 MiB, 0 %
2026/08/20 15:14:47.996, 0, NVIDIA L40S, 17601 MiB, 46068 MiB, 0 %
2026/08/20 15:14:47.996, 1, NVIDIA L40S, 42639 MiB, 46068 MiB, 0 %
2026/08/20 15:14:47.996, 2, NVIDIA L40S, 42639 MiB, 46068 MiB, 0 %
2026/08/20 15:14:48.996, 0, NVIDIA L40S, 17601 MiB, 46068 MiB, 0 %
2026/08/20 15:14:48.996, 1, NVIDIA L40S, 42639 MiB, 46068 MiB, 0 %
2026/08/20 15:14:48.996, 2, NVIDIA L40S, 42639 MiB, 46068 MiB, 0 %
2026/08/20 15:14:49.996, 0, NVIDIA L40S, 17601 MiB, 46068 MiB, 0 %
2026/08/20 15:14:49.997, 1, NVIDIA L40S, 42639 MiB, 46068 MiB, 0 %
2026/08/20 15:14:49.997, 2, NVIDIA L40S, 42639 MiB, 46068 MiB, 0 %
2026/08/20 15:14:50.997, 0, NVIDIA L40S, 17601 MiB, 46068 MiB, 0 %
2026/08/20 15:14:50.998, 1, NVIDIA L40S, 42639 MiB, 46068 MiB, 0 %
2026/08/20 15:14:50.998, 2, NVIDIA L40S, 42639 MiB, 46068 MiB, 0 %
2026/08/20 15:14:51.998, 0, NVIDIA L40S, 17601 MiB, 46068 MiB, 0 %
2026/08/20 15:14:51.998, 1, NVIDIA L40S, 42639 MiB, 46068 MiB, 0 %
2026/08/20 15:14:51.999, 2, NVIDIA L40S, 42639 MiB, 46068 MiB, 0 %
2026/08/20 15:14:52.999, 0, NVIDIA L40S, 17601 MiB, 46068 MiB, 0 %
2026/08/20 15:14:52.999, 1, NVIDIA L40S, 42639 MiB, 46068 MiB, 0 %
2026/08/20 15:14:52.999, 2, NVIDIA L40S, 42639 MiB, 46068 MiB, 0 %
2026/08/20 15:14:54.000, 0, NVIDIA L40S, 17601 MiB, 46068 MiB, 0 %
2026/08/20 15:14:54.000, 1, NVIDIA L40S, 42639 MiB, 46068 MiB, 0 %
2026/08/20 15:14:54.000, 2, NVIDIA L40S, 42639 MiB, 46068 MiB, 0 %
2026/08/20 15:14:55.000, 0, NVIDIA L40S, 17601 MiB, 46068 MiB, 0 %
2026/08/20 15:14:55.001, 1, NVIDIA L40S, 42639 MiB, 46068 MiB, 0 %
2026/08/20 15:14:55.001, 2, NVIDIA L40S, 42639 MiB, 46068 MiB, 0 %
2026/08/20 15:14:56.002, 0, NVIDIA L40S, 17601 MiB, 46068 MiB, 0 %
2026/08/20 15:14:56.002, 1, NVIDIA L40S, 42639 MiB, 46068 MiB, 0 %
2026/08/20 15:14:56.002, 2, NVIDIA L40S, 42639 MiB, 46068 MiB, 0 %
2026/08/20 15:14:57.002, 0, NVIDIA L40S, 17601 MiB, 46068 MiB, 0 %
2026/08/20 15:14:57.003, 1, NVIDIA L40S, 42639 MiB, 46068 MiB, 0 %
2026/08/20 15:14:57.003, 2, NVIDIA L40S, 42639 MiB, 46068 MiB, 0 %
2026/08/20 15:14:58.003, 0, NVIDIA L40S, 17601 MiB, 46068 MiB, 0 %
2026/08/20 15:14:58.003, 1, NVIDIA L40S, 42639 MiB, 46068 MiB, 0 %
2026/08/20 15:14:58.004, 2, NVIDIA L40S, 42639 MiB, 46068 MiB, 0 %
2026/08/20 15:14:59.004, 0, NVIDIA L40S, 17601 MiB, 46068 MiB, 0 %
2026/08/20 15:14:59.004, 1, NVIDIA L40S, 42639 MiB, 46068 MiB, 0 %
2026/08/20 15:14:59.004, 2, NVIDIA L40S, 42639 MiB, 46068 MiB, 0 %
2026/08/20 15:15:00.004, 0, NVIDIA L40S, 17601 MiB, 46068 MiB, 0 %
2026/08/20 15:15:00.005, 1, NVIDIA L40S, 42639 MiB, 46068 MiB, 0 %
2026/08/20 15:15:00.005, 2, NVIDIA L40S, 42639 MiB, 46068 MiB, 0 %
2026/08/20 15:15:01.005, 0, NVIDIA L40S, 17601 MiB, 46068 MiB, 0 %
2026/08/20 15:15:01.005, 1, NVIDIA L40S, 42639 MiB, 46068 MiB, 0 %
2026/08/20 15:15:01.006, 2, NVIDIA L40S, 42639 MiB, 46068 MiB, 0 %
2026/08/20 15:15:02.006, 0, NVIDIA L40S, 17601 MiB, 46068 MiB, 0 %
2026/08/20 15:15:02.006, 1, NVIDIA L40S, 42639 MiB, 46068 MiB, 0 %
2026/08/20 15:15:02.006, 2, NVIDIA L40S, 42639 MiB, 46068 MiB, 0 %
2026/08/20 15:15:03.007, 0, NVIDIA L40S, 17601 MiB, 46068 MiB, 0 %
2026/08/20 15:15:03.007, 1, NVIDIA L40S, 42639 MiB, 46068 MiB, 0 %
2026/08/20 15:15:03.008, 2, NVIDIA L40S, 42639 MiB, 46068 MiB, 0 %
2026/08/20 15:15:04.008, 0, NVIDIA L40S, 17601 MiB, 46068 MiB, 0 %
2026/08/20 15:15:04.008, 1, NVIDIA L40S, 42639 MiB, 46068 MiB, 0 %
2026/08/20 15:15:04.008, 2, NVIDIA L40S, 42639 MiB, 46068 MiB, 0 %
2026/08/20 15:15:05.009, 0, NVIDIA L40S, 17601 MiB, 46068 MiB, 0 %
2026/08/20 15:15:05.009, 1, NVIDIA L40S, 42639 MiB, 46068 MiB, 0 %
2026/08/20 15:15:05.009, 2, NVIDIA L40S, 42639 MiB, 46068 MiB, 0 %
2026/08/20 15:15:06.009, 0, NVIDIA L40S, 17601 MiB, 46068 MiB, 0 %
2026/08/20 15:15:06.010, 1, NVIDIA L40S, 42639 MiB, 46068 MiB, 0 %
2026/08/20 15:15:06.010, 2, NVIDIA L40S, 42639 MiB, 46068 MiB, 0 %
2026/08/20 15:15:07.011, 0, NVIDIA L40S, 17601 MiB, 46068 MiB, 0 %
2026/08/20 15:15:07.011, 1, NVIDIA L40S, 42639 MiB, 46068 MiB, 0 %
2026/08/20 15:15:07.011, 2, NVIDIA L40S, 42639 MiB, 46068 MiB, 0 %
2026/08/20 15:15:08.012, 0, NVIDIA L40S, 17601 MiB, 46068 MiB, 0 %
2026/08/20 15:15:08.012, 1, NVIDIA L40S, 42639 MiB, 46068 MiB, 0 %
2026/08/20 15:15:08.012, 2, NVIDIA L40S, 42639 MiB, 46068 MiB, 0 %
2026/08/20 15:15:09.012, 0, NVIDIA L40S, 17601 MiB, 46068 MiB, 0 %
2026/08/20 15:15:09.013, 1, NVIDIA L40S, 42639 MiB, 46068 MiB, 0 %
2026/08/20 15:15:09.013, 2, NVIDIA L40S, 42639 MiB, 46068 MiB, 0 %
2026/08/20 15:15:10.013, 0, NVIDIA L40S, 17601 MiB, 46068 MiB, 0 %
2026/08/20 15:15:10.014, 1, NVIDIA L40S, 42639 MiB, 46068 MiB, 0 %
2026/08/20 15:15:10.014, 2, NVIDIA L40S, 42639 MiB, 46068 MiB, 0 %
2026/08/20 15:15:11.014, 0, NVIDIA L40S, 17601 MiB, 46068 MiB, 0 %
2026/08/20 15:15:11.014, 1, NVIDIA L40S, 42639 MiB, 46068 MiB, 0 %
2026/08/20 15:15:11.015, 2, NVIDIA L40S, 42639 MiB, 46068 MiB, 0 %
2026/08/20 15:15:12.015, 0, NVIDIA L40S, 17601 MiB, 46068 MiB, 0 %
2026/08/20 15:15:12.015, 1, NVIDIA L40S, 42639 MiB, 46068 MiB, 0 %
2026/08/20 15:15:12.015, 2, NVIDIA L40S, 42639 MiB, 46068 MiB, 0 %
2026/08/20 15:15:13.015, 0, NVIDIA L40S, 17601 MiB, 46068 MiB, 0 %
2026/08/20 15:15:13.016, 1, NVIDIA L40S, 42639 MiB, 46068 MiB, 0 %
2026/08/20 15:15:13.016, 2, NVIDIA L40S, 42639 MiB, 46068 MiB, 0 %
2026/08/20 15:15:14.017, 0, NVIDIA L40S, 17601 MiB, 46068 MiB, 0 %
2026/08/20 15:15:14.017, 1, NVIDIA L40S, 42639 MiB, 46068 MiB, 0 %
2026/08/20 15:15:14.017, 2, NVIDIA L40S, 42639 MiB, 46068 MiB, 0 %
2026/08/20 15:15:15.017, 0, NVIDIA L40S, 17601 MiB, 46068 MiB, 0 %
2026/08/20 15:15:15.018, 1, NVIDIA L40S, 42639 MiB, 46068 MiB, 0 %
2026/08/20 15:15:15.018, 2, NVIDIA L40S, 42639 MiB, 46068 MiB, 0 %
2026/08/20 15:15:16.018, 0, NVIDIA L40S, 17601 MiB, 46068 MiB, 0 %
2026/08/20 15:15:16.019, 1, NVIDIA L40S, 42639 MiB, 46068 MiB, 0 %
2026/08/20 15:15:16.019, 2, NVIDIA L40S, 42639 MiB, 46068 MiB, 0 %
2026/08/20 15:15:17.019, 0, NVIDIA L40S, 17601 MiB, 46068 MiB, 0 %
2026/08/20 15:15:17.020, 1, NVIDIA L40S, 42639 MiB, 46068 MiB, 0 %
2026/08/20 15:15:17.020, 2, NVIDIA L40S, 42639 MiB, 46068 MiB, 0 %
2026/08/20 15:15:18.020, 0, NVIDIA L40S, 17601 MiB, 46068 MiB, 0 %
2026/08/20 15:15:18.021, 1, NVIDIA L40S, 42639 MiB, 46068 MiB, 0 %
2026/08/20 15:15:18.021, 2, NVIDIA L40S, 42639 MiB, 46068 MiB, 0 %
2026/08/20 15:15:19.022, 0, NVIDIA L40S, 17601 MiB, 46068 MiB, 0 %
2026/08/20 15:15:19.022, 1, NVIDIA L40S, 42639 MiB, 46068 MiB, 0 %
2026/08/20 15:15:19.022, 2, NVIDIA L40S, 42639 MiB, 46068 MiB, 0 %
2026/08/20 15:15:20.023, 0, NVIDIA L40S, 17601 MiB, 46068 MiB, 0 %
2026/08/20 15:15:20.023, 1, NVIDIA L40S, 42639 MiB, 46068 MiB, 0 %
2026/08/20 15:15:20.023, 2, NVIDIA L40S, 42639 MiB, 46068 MiB, 0 %
2026/08/20 15:15:21.023, 0, NVIDIA L40S, 17601 MiB, 46068 MiB, 0 %
2026/08/20 15:15:21.024, 1, NVIDIA L40S, 42639 MiB, 46068 MiB, 0 %
2026/08/20 15:15:21.024, 2, NVIDIA L40S, 42639 MiB, 46068 MiB, 0 %
2026/08/20 15:15:22.024, 0, NVIDIA L40S, 17601 MiB, 46068 MiB, 0 %
2026/08/20 15:15:22.024, 1, NVIDIA L40S, 42639 MiB, 46068 MiB, 0 %
2026/08/20 15:15:22.025, 2, NVIDIA L40S, 42639 MiB, 46068 MiB, 0 %
2026/08/20 15:15:23.025, 0, NVIDIA L40S, 17601 MiB, 46068 MiB, 0 %
2026/08/20 15:15:23.025, 1, NVIDIA L40S, 42639 MiB, 46068 MiB, 0 %
2026/08/20 15:15:23.026, 2, NVIDIA L40S, 42639 MiB, 46068 MiB, 0 %
2026/08/20 15:15:24.026, 0, NVIDIA L40S, 17601 MiB, 46068 MiB, 0 %
2026/08/20 15:15:24.026, 1, NVIDIA L40S, 42639 MiB, 46068 MiB, 0 %
2026/08/20 15:15:24.027, 2, NVIDIA L40S, 42639 MiB, 46068 MiB, 0 %
2026/08/20 15:15:25.027, 0, NVIDIA L40S, 17601 MiB, 46068 MiB, 0 %
2026/08/20 15:15:25.028, 1, NVIDIA L40S, 42639 MiB, 46068 MiB, 0 %
2026/08/20 15:15:25.028, 2, NVIDIA L40S, 42639 MiB, 46068 MiB, 0 %
2026/08/20 15:15:26.028, 0, NVIDIA L40S, 17601 MiB, 46068 MiB, 0 %
2026/08/20 15:15:26.028, 1, NVIDIA L40S, 42639 MiB, 46068 MiB, 0 %
2026/08/20 15:15:26.028, 2, NVIDIA L40S, 42639 MiB, 46068 MiB, 0 %
2026/08/20 15:15:27.029, 0, NVIDIA L40S, 17601 MiB, 46068 MiB, 0 %
2026/08/20 15:15:27.029, 1, NVIDIA L40S, 42639 MiB, 46068 MiB, 0 %
2026/08/20 15:15:27.029, 2, NVIDIA L40S, 42639 MiB, 46068 MiB, 0 %
2026/08/20 15:15:28.030, 0, NVIDIA L40S, 17601 MiB, 46068 MiB, 0 %
2026/08/20 15:15:28.030, 1, NVIDIA L40S, 42639 MiB, 46068 MiB, 0 %
2026/08/20 15:15:28.030, 2, NVIDIA L40S, 42639 MiB, 46068 MiB, 0 %
2026/08/20 15:15:29.031, 0, NVIDIA L40S, 17601 MiB, 46068 MiB, 0 %
2026/08/20 15:15:29.031, 1, NVIDIA L40S, 42639 MiB, 46068 MiB, 0 %
2026/08/20 15:15:29.032, 2, NVIDIA L40S, 42639 MiB, 46068 MiB, 0 %
2026/08/20 15:15:30.032, 0, NVIDIA L40S, 17601 MiB, 46068 MiB, 0 %
2026/08/20 15:15:30.032, 1, NVIDIA L40S, 42639 MiB, 46068 MiB, 0 %
2026/08/20 15:15:30.032, 2, NVIDIA L40S, 42639 MiB, 46068 MiB, 0 %
2026/08/20 15:15:31.033, 0, NVIDIA L40S, 17601 MiB, 46068 MiB, 0 %
2026/08/20 15:15:31.033, 1, NVIDIA L40S, 42639 MiB, 46068 MiB, 0 %
2026/08/20 15:15:31.033, 2, NVIDIA L40S, 42639 MiB, 46068 MiB, 0 %
2026/08/20 15:15:32.034, 0, NVIDIA L40S, 17601 MiB, 46068 MiB, 0 %
2026/08/20 15:15:32.034, 1, NVIDIA L40S, 42639 MiB, 46068 MiB, 0 %
2026/08/20 15:15:32.034, 2, NVIDIA L40S, 42639 MiB, 46068 MiB, 0 %
2026/08/20 15:15:33.034, 0, NVIDIA L40S, 17601 MiB, 46068 MiB, 0 %
2026/08/20 15:15:33.034, 1, NVIDIA L40S, 42639 MiB, 46068 MiB, 0 %
2026/08/20 15:15:33.035, 2, NVIDIA L40S, 42639 MiB, 46068 MiB, 0 %
2026/08/20 15:15:34.036, 0, NVIDIA L40S, 17601 MiB, 46068 MiB, 0 %
2026/08/20 15:15:34.037, 1, NVIDIA L40S, 42639 MiB, 46068 MiB, 0 %
2026/08/20 15:15:34.037, 2, NVIDIA L40S, 42639 MiB, 46068 MiB, 0 %
2026/08/20 15:15:35.037, 0, NVIDIA L40S, 17601 MiB, 46068 MiB, 0 %
2026/08/20 15:15:35.037, 1, NVIDIA L40S, 42639 MiB, 46068 MiB, 0 %
2026/08/20 15:15:35.037, 2, NVIDIA L40S, 42639 MiB, 46068 MiB, 0 %
2026/08/20 15:15:36.038, 0, NVIDIA L40S, 17601 MiB, 46068 MiB, 0 %
2026/08/20 15:15:36.038, 1, NVIDIA L40S, 42639 MiB, 46068 MiB, 0 %
2026/08/20 15:15:36.038, 2, NVIDIA L40S, 42639 MiB, 46068 MiB, 0 %
2026/08/20 15:15:37.039, 0, NVIDIA L40S, 17601 MiB, 46068 MiB, 0 %
2026/08/20 15:15:37.039, 1, NVIDIA L40S, 42639 MiB, 46068 MiB, 0 %
2026/08/20 15:15:37.039, 2, NVIDIA L40S, 42639 MiB, 46068 MiB, 0 %
2026/08/20 15:15:38.039, 0, NVIDIA L40S, 17601 MiB, 46068 MiB, 0 %
2026/08/20 15:15:38.040, 1, NVIDIA L40S, 42639 MiB, 46068 MiB, 0 %
2026/08/20 15:15:38.040, 2, NVIDIA L40S, 42639 MiB, 46068 MiB, 0 %
2026/08/20 15:15:39.040, 0, NVIDIA L40S, 17601 MiB, 46068 MiB, 0 %
2026/08/20 15:15:39.041, 1, NVIDIA L40S, 42639 MiB, 46068 MiB, 0 %
2026/08/20 15:15:39.041, 2, NVIDIA L40S, 42639 MiB, 46068 MiB, 0 %
2026/08/20 15:15:40.041, 0, NVIDIA L40S, 17601 MiB, 46068 MiB, 0 %
2026/08/20 15:15:40.041, 1, NVIDIA L40S, 42639 MiB, 46068 MiB, 0 %
2026/08/20 15:15:40.042, 2, NVIDIA L40S, 42639 MiB, 46068 MiB, 0 %
2026/08/20 15:15:41.042, 0, NVIDIA L40S, 17601 MiB, 46068 MiB, 0 %
2026/08/20 15:15:41.042, 1, NVIDIA L40S, 42639 MiB, 46068 MiB, 0 %
2026/08/20 15:15:41.043, 2, NVIDIA L40S, 42639 MiB, 46068 MiB, 0 %
2026/08/20 15:15:42.043, 0, NVIDIA L40S, 17601 MiB, 46068 MiB, 0 %
2026/08/20 15:15:42.043, 1, NVIDIA L40S, 42639 MiB, 46068 MiB, 0 %
2026/08/20 15:15:42.043, 2, NVIDIA L40S, 42639 MiB, 46068 MiB, 0 %
2026/08/20 15:15:43.043, 0, NVIDIA L40S, 17601 MiB, 46068 MiB, 0 %
2026/08/20 15:15:43.044, 1, NVIDIA L40S, 42639 MiB, 46068 MiB, 0 %
2026/08/20 15:15:43.044, 2, NVIDIA L40S, 42639 MiB, 46068 MiB, 0 %
2026/08/20 15:15:44.044, 0, NVIDIA L40S, 17601 MiB, 46068 MiB, 0 %
2026/08/20 15:15:44.044, 1, NVIDIA L40S, 42639 MiB, 46068 MiB, 0 %
2026/08/20 15:15:44.044, 2, NVIDIA L40S, 42639 MiB, 46068 MiB, 0 %
2026/08/20 15:15:45.044, 0, NVIDIA L40S, 17601 MiB, 46068 MiB, 0 %
2026/08/20 15:15:45.045, 1, NVIDIA L40S, 42639 MiB, 46068 MiB, 0 %
2026/08/20 15:15:45.045, 2, NVIDIA L40S, 42639 MiB, 46068 MiB, 0 %
2026/08/20 15:15:46.045, 0, NVIDIA L40S, 17601 MiB, 46068 MiB, 0 %
2026/08/20 15:15:46.046, 1, NVIDIA L40S, 42639 MiB, 46068 MiB, 0 %
2026/08/20 15:15:46.046, 2, NVIDIA L40S, 42639 MiB, 46068 MiB, 0 %
2026/08/20 15:15:47.046, 0, NVIDIA L40S, 17601 MiB, 46068 MiB, 0 %
2026/08/20 15:15:47.046, 1, NVIDIA L40S, 42639 MiB, 46068 MiB, 0 %
2026/08/20 15:15:47.046, 2, NVIDIA L40S, 42639 MiB, 46068 MiB, 0 %
2026/08/20 15:15:48.047, 0, NVIDIA L40S, 17601 MiB, 46068 MiB, 0 %
2026/08/20 15:15:48.047, 1, NVIDIA L40S, 42639 MiB, 46068 MiB, 0 %
2026/08/20 15:15:48.047, 2, NVIDIA L40S, 42639 MiB, 46068 MiB, 0 %
2026/08/20 15:15:49.048, 0, NVIDIA L40S, 17601 MiB, 46068 MiB, 0 %
2026/08/20 15:15:49.048, 1, NVIDIA L40S, 42639 MiB, 46068 MiB, 0 %
2026/08/20 15:15:49.048, 2, NVIDIA L40S, 42639 MiB, 46068 MiB, 0 %
2026/08/20 15:15:50.048, 0, NVIDIA L40S, 17601 MiB, 46068 MiB, 0 %
2026/08/20 15:15:50.049, 1, NVIDIA L40S, 42639 MiB, 46068 MiB, 0 %
2026/08/20 15:15:50.049, 2, NVIDIA L40S, 42639 MiB, 46068 MiB, 0 %
2026/08/20 15:15:51.049, 0, NVIDIA L40S, 17601 MiB, 46068 MiB, 0 %
2026/08/20 15:15:51.049, 1, NVIDIA L40S, 42639 MiB, 46068 MiB, 0 %
2026/08/20 15:15:51.049, 2, NVIDIA L40S, 42639 MiB, 46068 MiB, 0 %
2026/08/20 15:15:52.050, 0, NVIDIA L40S, 17601 MiB, 46068 MiB, 0 %
2026/08/20 15:15:52.050, 1, NVIDIA L40S, 42639 MiB, 46068 MiB, 0 %
2026/08/20 15:15:52.050, 2, NVIDIA L40S, 42639 MiB, 46068 MiB, 0 %
2026/08/20 15:15:53.050, 0, NVIDIA L40S, 17601 MiB, 46068 MiB, 0 %
2026/08/20 15:15:53.051, 1, NVIDIA L40S, 42639 MiB, 46068 MiB, 0 %
2026/08/20 15:15:53.051, 2, NVIDIA L40S, 42639 MiB, 46068 MiB, 0 %
2026/08/20 15:15:54.051, 0, NVIDIA L40S, 17601 MiB, 46068 MiB, 0 %
2026/08/20 15:15:54.051, 1, NVIDIA L40S, 42639 MiB, 46068 MiB, 0 %
2026/08/20 15:15:54.051, 2, NVIDIA L40S, 42639 MiB, 46068 MiB, 0 %
2026/08/20 15:15:55.052, 0, NVIDIA L40S, 17601 MiB, 46068 MiB, 0 %
2026/08/20 15:15:55.052, 1, NVIDIA L40S, 42639 MiB, 46068 MiB, 0 %
2026/08/20 15:15:55.052, 2, NVIDIA L40S, 42639 MiB, 46068 MiB, 0 %
2026/08/20 15:15:56.053, 0, NVIDIA L40S, 17601 MiB, 46068 MiB, 0 %
2026/08/20 15:15:56.053, 1, NVIDIA L40S, 42639 MiB, 46068 MiB, 0 %
2026/08/20 15:15:56.053, 2, NVIDIA L40S, 42639 MiB, 46068 MiB, 0 %
2026/08/20 15:15:57.053, 0, NVIDIA L40S, 17601 MiB, 46068 MiB, 0 %
2026/08/20 15:15:57.053, 1, NVIDIA L40S, 42639 MiB, 46068 MiB, 0 %
2026/08/20 15:15:57.053, 2, NVIDIA L40S, 42639 MiB, 46068 MiB, 0 %
2026/08/20 15:15:58.054, 0, NVIDIA L40S, 17601 MiB, 46068 MiB, 0 %
2026/08/20 15:15:58.054, 1, NVIDIA L40S, 42639 MiB, 46068 MiB, 0 %
2026/08/20 15:15:58.054, 2, NVIDIA L40S, 42639 MiB, 46068 MiB, 0 %
2026/08/20 15:15:59.055, 0, NVIDIA L40S, 17601 MiB, 46068 MiB, 0 %
2026/08/20 15:15:59.055, 1, NVIDIA L40S, 42639 MiB, 46068 MiB, 0 %
2026/08/20 15:15:59.055, 2, NVIDIA L40S, 42639 MiB, 46068 MiB, 0 %
2026/08/20 15:16:00.055, 0, NVIDIA L40S, 17601 MiB, 46068 MiB, 0 %
2026/08/20 15:16:00.056, 1, NVIDIA L40S, 42639 MiB, 46068 MiB, 0 %
2026/08/20 15:16:00.056, 2, NVIDIA L40S, 42639 MiB, 46068 MiB, 0 %
2026/08/20 15:16:01.056, 0, NVIDIA L40S, 17601 MiB, 46068 MiB, 0 %
2026/08/20 15:16:01.057, 1, NVIDIA L40S, 42639 MiB, 46068 MiB, 0 %
2026/08/20 15:16:01.057, 2, NVIDIA L40S, 42639 MiB, 46068 MiB, 0 %
2026/08/20 15:16:02.057, 0, NVIDIA L40S, 17601 MiB, 46068 MiB, 0 %
2026/08/20 15:16:02.057, 1, NVIDIA L40S, 42639 MiB, 46068 MiB, 0 %
2026/08/20 15:16:02.057, 2, NVIDIA L40S, 42639 MiB, 46068 MiB, 0 %
2026/08/20 15:16:03.058, 0, NVIDIA L40S, 17601 MiB, 46068 MiB, 0 %
2026/08/20 15:16:03.058, 1, NVIDIA L40S, 42639 MiB, 46068 MiB, 0 %
2026/08/20 15:16:03.058, 2, NVIDIA L40S, 42639 MiB, 46068 MiB, 0 %
2026/08/20 15:16:04.058, 0, NVIDIA L40S, 17601 MiB, 46068 MiB, 0 %
2026/08/20 15:16:04.059, 1, NVIDIA L40S, 42639 MiB, 46068 MiB, 0 %
2026/08/20 15:16:04.059, 2, NVIDIA L40S, 42639 MiB, 46068 MiB, 0 %
2026/08/20 15:16:05.059, 0, NVIDIA L40S, 17601 MiB, 46068 MiB, 0 %
2026/08/20 15:16:05.060, 1, NVIDIA L40S, 42639 MiB, 46068 MiB, 0 %
2026/08/20 15:16:05.060, 2, NVIDIA L40S, 42639 MiB, 46068 MiB, 0 %
2026/08/20 15:16:06.060, 0, NVIDIA L40S, 17601 MiB, 46068 MiB, 0 %
2026/08/20 15:16:06.060, 1, NVIDIA L40S, 42639 MiB, 46068 MiB, 0 %
2026/08/20 15:16:06.060, 2, NVIDIA L40S, 42639 MiB, 46068 MiB, 0 %
2026/08/20 15:16:07.060, 0, NVIDIA L40S, 17601 MiB, 46068 MiB, 0 %
2026/08/20 15:16:07.061, 1, NVIDIA L40S, 42639 MiB, 46068 MiB, 0 %
2026/08/20 15:16:07.061, 2, NVIDIA L40S, 42639 MiB, 46068 MiB, 0 %
2026/08/20 15:16:08.061, 0, NVIDIA L40S, 17601 MiB, 46068 MiB, 0 %
2026/08/20 15:16:08.062, 1, NVIDIA L40S, 42639 MiB, 46068 MiB, 0 %
2026/08/20 15:16:08.062, 2, NVIDIA L40S, 42639 MiB, 46068 MiB, 0 %
2026/08/20 15:16:09.062, 0, NVIDIA L40S, 17601 MiB, 46068 MiB, 0 %
2026/08/20 15:16:09.062, 1, NVIDIA L40S, 42639 MiB, 46068 MiB, 0 %
2026/08/20 15:16:09.063, 2, NVIDIA L40S, 42639 MiB, 46068 MiB, 0 %
2026/08/20 15:16:10.063, 0, NVIDIA L40S, 17601 MiB, 46068 MiB, 0 %
2026/08/20 15:16:10.063, 1, NVIDIA L40S, 42639 MiB, 46068 MiB, 0 %
2026/08/20 15:16:10.064, 2, NVIDIA L40S, 42639 MiB, 46068 MiB, 0 %
2026/08/20 15:16:11.064, 0, NVIDIA L40S, 17601 MiB, 46068 MiB, 0 %
2026/08/20 15:16:11.065, 1, NVIDIA L40S, 42639 MiB, 46068 MiB, 0 %
2026/08/20 15:16:11.065, 2, NVIDIA L40S, 42639 MiB, 46068 MiB, 0 %
2026/08/20 15:16:12.065, 0, NVIDIA L40S, 17601 MiB, 46068 MiB, 0 %
2026/08/20 15:16:12.065, 1, NVIDIA L40S, 42639 MiB, 46068 MiB, 0 %
2026/08/20 15:16:12.065, 2, NVIDIA L40S, 42639 MiB, 46068 MiB, 0 %
2026/08/20 15:16:13.066, 0, NVIDIA L40S, 17601 MiB, 46068 MiB, 0 %
2026/08/20 15:16:13.066, 1, NVIDIA L40S, 42639 MiB, 46068 MiB, 0 %
2026/08/20 15:16:13.066, 2, NVIDIA L40S, 42639 MiB, 46068 MiB, 0 %
2026/08/20 15:16:14.067, 0, NVIDIA L40S, 17601 MiB, 46068 MiB, 0 %
2026/08/20 15:16:14.067, 1, NVIDIA L40S, 42639 MiB, 46068 MiB, 0 %
2026/08/20 15:16:14.067, 2, NVIDIA L40S, 42639 MiB, 46068 MiB, 0 %
2026/08/20 15:16:15.068, 0, NVIDIA L40S, 17601 MiB, 46068 MiB, 0 %
2026/08/20 15:16:15.068, 1, NVIDIA L40S, 42639 MiB, 46068 MiB, 0 %
2026/08/20 15:16:15.068, 2, NVIDIA L40S, 42639 MiB, 46068 MiB, 0 %
2026/08/20 15:16:16.069, 0, NVIDIA L40S, 17601 MiB, 46068 MiB, 0 %
2026/08/20 15:16:16.069, 1, NVIDIA L40S, 42639 MiB, 46068 MiB, 0 %
2026/08/20 15:16:16.069, 2, NVIDIA L40S, 42639 MiB, 46068 MiB, 0 %
2026/08/20 15:16:17.069, 0, NVIDIA L40S, 17601 MiB, 46068 MiB, 0 %
2026/08/20 15:16:17.070, 1, NVIDIA L40S, 42639 MiB, 46068 MiB, 0 %
2026/08/20 15:16:17.070, 2, NVIDIA L40S, 42639 MiB, 46068 MiB, 0 %
2026/08/20 15:16:18.070, 0, NVIDIA L40S, 17601 MiB, 46068 MiB, 0 %
2026/08/20 15:16:18.070, 1, NVIDIA L40S, 42639 MiB, 46068 MiB, 0 %
2026/08/20 15:16:18.071, 2, NVIDIA L40S, 42639 MiB, 46068 MiB, 0 %
2026/08/20 15:16:19.071, 0, NVIDIA L40S, 17601 MiB, 46068 MiB, 0 %
2026/08/20 15:16:19.071, 1, NVIDIA L40S, 42639 MiB, 46068 MiB, 0 %
2026/08/20 15:16:19.072, 2, NVIDIA L40S, 42639 MiB, 46068 MiB, 0 %
2026/08/20 15:16:20.072, 0, NVIDIA L40S, 17601 MiB, 46068 MiB, 0 %
2026/08/20 15:16:20.072, 1, NVIDIA L40S, 42639 MiB, 46068 MiB, 0 %
2026/08/20 15:16:20.073, 2, NVIDIA L40S, 42639 MiB, 46068 MiB, 0 %
2026/08/20 15:16:21.073, 0, NVIDIA L40S, 17601 MiB, 46068 MiB, 0 %
2026/08/20 15:16:21.074, 1, NVIDIA L40S, 42639 MiB, 46068 MiB, 0 %
2026/08/20 15:16:21.074, 2, NVIDIA L40S, 42639 MiB, 46068 MiB, 0 %
2026/08/20 15:16:22.074, 0, NVIDIA L40S, 17601 MiB, 46068 MiB, 0 %
2026/08/20 15:16:22.075, 1, NVIDIA L40S, 42639 MiB, 46068 MiB, 0 %
2026/08/20 15:16:22.075, 2, NVIDIA L40S, 42639 MiB, 46068 MiB, 0 %
2026/08/20 15:16:23.075, 0, NVIDIA L40S, 17601 MiB, 46068 MiB, 0 %
2026/08/20 15:16:23.076, 1, NVIDIA L40S, 42639 MiB, 46068 MiB, 0 %
2026/08/20 15:16:23.076, 2, NVIDIA L40S, 42639 MiB, 46068 MiB, 0 %
2026/08/20 15:16:24.076, 0, NVIDIA L40S, 17601 MiB, 46068 MiB, 0 %
2026/08/20 15:16:24.076, 1, NVIDIA L40S, 42639 MiB, 46068 MiB, 0 %
2026/08/20 15:16:24.077, 2, NVIDIA L40S, 42639 MiB, 46068 MiB, 0 %
2026/08/20 15:16:25.077, 0, NVIDIA L40S, 17601 MiB, 46068 MiB, 0 %
2026/08/20 15:16:25.077, 1, NVIDIA L40S, 42639 MiB, 46068 MiB, 0 %
2026/08/20 15:16:25.078, 2, NVIDIA L40S, 42639 MiB, 46068 MiB, 0 %
2026/08/20 15:16:26.078, 0, NVIDIA L40S, 17601 MiB, 46068 MiB, 0 %
2026/08/20 15:16:26.078, 1, NVIDIA L40S, 42639 MiB, 46068 MiB, 0 %
2026/08/20 15:16:26.079, 2, NVIDIA L40S, 42639 MiB, 46068 MiB, 0 %
2026/08/20 15:16:27.079, 0, NVIDIA L40S, 17601 MiB, 46068 MiB, 0 %
2026/08/20 15:16:27.079, 1, NVIDIA L40S, 42639 MiB, 46068 MiB, 0 %
2026/08/20 15:16:27.079, 2, NVIDIA L40S, 42639 MiB, 46068 MiB, 0 %
2026/08/20 15:16:28.079, 0, NVIDIA L40S, 17601 MiB, 46068 MiB, 0 %
2026/08/20 15:16:28.080, 1, NVIDIA L40S, 42639 MiB, 46068 MiB, 0 %
2026/08/20 15:16:28.080, 2, NVIDIA L40S, 42639 MiB, 46068 MiB, 0 %
2026/08/20 15:16:29.080, 0, NVIDIA L40S, 17601 MiB, 46068 MiB, 0 %
2026/08/20 15:16:29.081, 1, NVIDIA L40S, 42639 MiB, 46068 MiB, 0 %
2026/08/20 15:16:29.081, 2, NVIDIA L40S, 42639 MiB, 46068 MiB, 0 %
2026/08/20 15:16:30.082, 0, NVIDIA L40S, 17601 MiB, 46068 MiB, 0 %
2026/08/20 15:16:30.082, 1, NVIDIA L40S, 42639 MiB, 46068 MiB, 0 %
2026/08/20 15:16:30.082, 2, NVIDIA L40S, 42639 MiB, 46068 MiB, 0 %
2026/08/20 15:16:31.083, 0, NVIDIA L40S, 17601 MiB, 46068 MiB, 0 %
2026/08/20 15:16:31.083, 1, NVIDIA L40S, 42639 MiB, 46068 MiB, 0 %
2026/08/20 15:16:31.083, 2, NVIDIA L40S, 42639 MiB, 46068 MiB, 0 %
2026/08/20 15:16:32.083, 0, NVIDIA L40S, 17601 MiB, 46068 MiB, 0 %
2026/08/20 15:16:32.084, 1, NVIDIA L40S, 42639 MiB, 46068 MiB, 0 %
2026/08/20 15:16:32.084, 2, NVIDIA L40S, 42639 MiB, 46068 MiB, 0 %
2026/08/20 15:16:33.084, 0, NVIDIA L40S, 17601 MiB, 46068 MiB, 0 %
2026/08/20 15:16:33.084, 1, NVIDIA L40S, 42639 MiB, 46068 MiB, 0 %
2026/08/20 15:16:33.085, 2, NVIDIA L40S, 42639 MiB, 46068 MiB, 0 %
2026/08/20 15:16:34.085, 0, NVIDIA L40S, 17601 MiB, 46068 MiB, 0 %
2026/08/20 15:16:34.085, 1, NVIDIA L40S, 42639 MiB, 46068 MiB, 0 %
2026/08/20 15:16:34.086, 2, NVIDIA L40S, 42639 MiB, 46068 MiB, 0 %
2026/08/20 15:16:35.086, 0, NVIDIA L40S, 17601 MiB, 46068 MiB, 0 %
2026/08/20 15:16:35.086, 1, NVIDIA L40S, 42639 MiB, 46068 MiB, 0 %
2026/08/20 15:16:35.086, 2, NVIDIA L40S, 42639 MiB, 46068 MiB, 0 %
2026/08/20 15:16:36.087, 0, NVIDIA L40S, 17601 MiB, 46068 MiB, 0 %
2026/08/20 15:16:36.087, 1, NVIDIA L40S, 42639 MiB, 46068 MiB, 0 %
2026/08/20 15:16:36.088, 2, NVIDIA L40S, 42639 MiB, 46068 MiB, 0 %
2026/08/20 15:16:37.088, 0, NVIDIA L40S, 17601 MiB, 46068 MiB, 0 %
2026/08/20 15:16:37.088, 1, NVIDIA L40S, 42639 MiB, 46068 MiB, 0 %
2026/08/20 15:16:37.089, 2, NVIDIA L40S, 42639 MiB, 46068 MiB, 0 %
2026/08/20 15:16:38.089, 0, NVIDIA L40S, 17601 MiB, 46068 MiB, 0 %
2026/08/20 15:16:38.089, 1, NVIDIA L40S, 42639 MiB, 46068 MiB, 0 %
2026/08/20 15:16:38.089, 2, NVIDIA L40S, 42639 MiB, 46068 MiB, 0 %
2026/08/20 15:16:39.089, 0, NVIDIA L40S, 17601 MiB, 46068 MiB, 0 %
2026/08/20 15:16:39.090, 1, NVIDIA L40S, 42639 MiB, 46068 MiB, 0 %
2026/08/20 15:16:39.090, 2, NVIDIA L40S, 42639 MiB, 46068 MiB, 0 %
2026/08/20 15:16:40.090, 0, NVIDIA L40S, 17601 MiB, 46068 MiB, 0 %
2026/08/20 15:16:40.091, 1, NVIDIA L40S, 42639 MiB, 46068 MiB, 0 %
2026/08/20 15:16:40.091, 2, NVIDIA L40S, 42639 MiB, 46068 MiB, 0 %
2026/08/20 15:16:41.091, 0, NVIDIA L40S, 17601 MiB, 46068 MiB, 0 %
2026/08/20 15:16:41.092, 1, NVIDIA L40S, 42639 MiB, 46068 MiB, 0 %
2026/08/20 15:16:41.092, 2, NVIDIA L40S, 42639 MiB, 46068 MiB, 0 %
2026/08/20 15:16:42.093, 0, NVIDIA L40S, 17601 MiB, 46068 MiB, 0 %
2026/08/20 15:16:42.093, 1, NVIDIA L40S, 42639 MiB, 46068 MiB, 0 %
2026/08/20 15:16:42.093, 2, NVIDIA L40S, 42639 MiB, 46068 MiB, 0 %
2026/08/20 15:16:43.094, 0, NVIDIA L40S, 17601 MiB, 46068 MiB, 0 %
2026/08/20 15:16:43.094, 1, NVIDIA L40S, 42639 MiB, 46068 MiB, 0 %
2026/08/20 15:16:43.094, 2, NVIDIA L40S, 42639 MiB, 46068 MiB, 0 %
2026/08/20 15:16:44.095, 0, NVIDIA L40S, 17601 MiB, 46068 MiB, 0 %
2026/08/20 15:16:44.095, 1, NVIDIA L40S, 42639 MiB, 46068 MiB, 0 %
2026/08/20 15:16:44.095, 2, NVIDIA L40S, 42639 MiB, 46068 MiB, 0 %
2026/08/20 15:16:45.096, 0, NVIDIA L40S, 17601 MiB, 46068 MiB, 0 %
2026/08/20 15:16:45.096, 1, NVIDIA L40S, 42639 MiB, 46068 MiB, 0 %
2026/08/20 15:16:45.096, 2, NVIDIA L40S, 42639 MiB, 46068 MiB, 0 %
2026/08/20 15:16:46.096, 0, NVIDIA L40S, 17601 MiB, 46068 MiB, 0 %
2026/08/20 15:16:46.097, 1, NVIDIA L40S, 42639 MiB, 46068 MiB, 0 %
2026/08/20 15:16:46.097, 2, NVIDIA L40S, 42639 MiB, 46068 MiB, 0 %
2026/08/20 15:16:47.097, 0, NVIDIA L40S, 17601 MiB, 46068 MiB, 0 %
2026/08/20 15:16:47.098, 1, NVIDIA L40S, 42639 MiB, 46068 MiB, 0 %
2026/08/20 15:16:47.098, 2, NVIDIA L40S, 42639 MiB, 46068 MiB, 0 %
2026/08/20 15:16:48.098, 0, NVIDIA L40S, 17601 MiB, 46068 MiB, 0 %
2026/08/20 15:16:48.099, 1, NVIDIA L40S, 42639 MiB, 46068 MiB, 0 %
2026/08/20 15:16:48.099, 2, NVIDIA L40S, 42639 MiB, 46068 MiB, 0 %
2026/08/20 15:16:49.100, 0, NVIDIA L40S, 17601 MiB, 46068 MiB, 0 %
2026/08/20 15:16:49.100, 1, NVIDIA L40S, 42639 MiB, 46068 MiB, 0 %
2026/08/20 15:16:49.100, 2, NVIDIA L40S, 42639 MiB, 46068 MiB, 0 %
2026/08/20 15:16:50.100, 0, NVIDIA L40S, 17601 MiB, 46068 MiB, 0 %
2026/08/20 15:16:50.100, 1, NVIDIA L40S, 42639 MiB, 46068 MiB, 0 %
2026/08/20 15:16:50.101, 2, NVIDIA L40S, 42639 MiB, 46068 MiB, 0 %
2026/08/20 15:16:51.101, 0, NVIDIA L40S, 17601 MiB, 46068 MiB, 0 %
2026/08/20 15:16:51.101, 1, NVIDIA L40S, 42639 MiB, 46068 MiB, 0 %
2026/08/20 15:16:51.102, 2, NVIDIA L40S, 42639 MiB, 46068 MiB, 0 %
2026/08/20 15:16:52.102, 0, NVIDIA L40S, 17601 MiB, 46068 MiB, 0 %
2026/08/20 15:16:52.102, 1, NVIDIA L40S, 42639 MiB, 46068 MiB, 0 %
2026/08/20 15:16:52.103, 2, NVIDIA L40S, 42639 MiB, 46068 MiB, 0 %
2026/08/20 15:16:53.103, 0, NVIDIA L40S, 17601 MiB, 46068 MiB, 0 %
2026/08/20 15:16:53.103, 1, NVIDIA L40S, 42639 MiB, 46068 MiB, 0 %
2026/08/20 15:16:53.104, 2, NVIDIA L40S, 42639 MiB, 46068 MiB, 0 %
2026/08/20 15:16:54.104, 0, NVIDIA L40S, 17601 MiB, 46068 MiB, 0 %
2026/08/20 15:16:54.104, 1, NVIDIA L40S, 42639 MiB, 46068 MiB, 0 %
2026/08/20 15:16:54.105, 2, NVIDIA L40S, 42639 MiB, 46068 MiB, 0 %
2026/08/20 15:16:55.105, 0, NVIDIA L40S, 17601 MiB, 46068 MiB, 0 %
2026/08/20 15:16:55.105, 1, NVIDIA L40S, 42639 MiB, 46068 MiB, 0 %
2026/08/20 15:16:55.105, 2, NVIDIA L40S, 42639 MiB, 46068 MiB, 0 %
2026/08/20 15:16:56.106, 0, NVIDIA L40S, 17601 MiB, 46068 MiB, 0 %
2026/08/20 15:16:56.106, 1, NVIDIA L40S, 42639 MiB, 46068 MiB, 0 %
2026/08/20 15:16:56.106, 2, NVIDIA L40S, 42639 MiB, 46068 MiB, 0 %
2026/08/20 15:16:57.107, 0, NVIDIA L40S, 17601 MiB, 46068 MiB, 0 %
2026/08/20 15:16:57.107, 1, NVIDIA L40S, 42639 MiB, 46068 MiB, 0 %
2026/08/20 15:16:57.107, 2, NVIDIA L40S, 42639 MiB, 46068 MiB, 0 %
2026/08/20 15:16:58.107, 0, NVIDIA L40S, 17601 MiB, 46068 MiB, 0 %
2026/08/20 15:16:58.108, 1, NVIDIA L40S, 42639 MiB, 46068 MiB, 0 %
2026/08/20 15:16:58.108, 2, NVIDIA L40S, 42639 MiB, 46068 MiB, 0 %
2026/08/20 15:16:59.108, 0, NVIDIA L40S, 17601 MiB, 46068 MiB, 0 %
2026/08/20 15:16:59.109, 1, NVIDIA L40S, 42639 MiB, 46068 MiB, 0 %
2026/08/20 15:16:59.109, 2, NVIDIA L40S, 42639 MiB, 46068 MiB, 0 %
2026/08/20 15:17:00.109, 0, NVIDIA L40S, 17601 MiB, 46068 MiB, 0 %
2026/08/20 15:17:00.109, 1, NVIDIA L40S, 42639 MiB, 46068 MiB, 0 %
2026/08/20 15:17:00.110, 2, NVIDIA L40S, 42639 MiB, 46068 MiB, 0 %
2026/08/20 15:17:01.110, 0, NVIDIA L40S, 17601 MiB, 46068 MiB, 0 %
2026/08/20 15:17:01.110, 1, NVIDIA L40S, 42639 MiB, 46068 MiB, 0 %
2026/08/20 15:17:01.110, 2, NVIDIA L40S, 42639 MiB, 46068 MiB, 0 %
2026/08/20 15:17:02.111, 0, NVIDIA L40S, 17601 MiB, 46068 MiB, 0 %
2026/08/20 15:17:02.111, 1, NVIDIA L40S, 42639 MiB, 46068 MiB, 0 %
2026/08/20 15:17:02.111, 2, NVIDIA L40S, 42639 MiB, 46068 MiB, 0 %
2026/08/20 15:17:03.112, 0, NVIDIA L40S, 17601 MiB, 46068 MiB, 0 %
2026/08/20 15:17:03.112, 1, NVIDIA L40S, 42639 MiB, 46068 MiB, 0 %
2026/08/20 15:17:03.112, 2, NVIDIA L40S, 42639 MiB, 46068 MiB, 0 %
2026/08/20 15:17:04.113, 0, NVIDIA L40S, 17601 MiB, 46068 MiB, 0 %
2026/08/20 15:17:04.113, 1, NVIDIA L40S, 42639 MiB, 46068 MiB, 0 %
2026/08/20 15:17:04.113, 2, NVIDIA L40S, 42639 MiB, 46068 MiB, 0 %
2026/08/20 15:17:05.114, 0, NVIDIA L40S, 17601 MiB, 46068 MiB, 0 %
2026/08/20 15:17:05.114, 1, NVIDIA L40S, 42639 MiB, 46068 MiB, 0 %
2026/08/20 15:17:05.114, 2, NVIDIA L40S, 42639 MiB, 46068 MiB, 0 %
2026/08/20 15:17:06.114, 0, NVIDIA L40S, 17601 MiB, 46068 MiB, 0 %
2026/08/20 15:17:06.115, 1, NVIDIA L40S, 42639 MiB, 46068 MiB, 0 %
2026/08/20 15:17:06.115, 2, NVIDIA L40S, 42639 MiB, 46068 MiB, 0 %
2026/08/20 15:17:07.115, 0, NVIDIA L40S, 17601 MiB, 46068 MiB, 0 %
2026/08/20 15:17:07.115, 1, NVIDIA L40S, 42639 MiB, 46068 MiB, 0 %
2026/08/20 15:17:07.115, 2, NVIDIA L40S, 42639 MiB, 46068 MiB, 0 %
2026/08/20 15:17:08.116, 0, NVIDIA L40S, 17601 MiB, 46068 MiB, 0 %
2026/08/20 15:17:08.116, 1, NVIDIA L40S, 42639 MiB, 46068 MiB, 0 %
2026/08/20 15:17:08.116, 2, NVIDIA L40S, 42639 MiB, 46068 MiB, 0 %
2026/08/20 15:17:09.116, 0, NVIDIA L40S, 17601 MiB, 46068 MiB, 0 %
2026/08/20 15:17:09.117, 1, NVIDIA L40S, 42639 MiB, 46068 MiB, 0 %
2026/08/20 15:17:09.117, 2, NVIDIA L40S, 42639 MiB, 46068 MiB, 0 %
2026/08/20 15:17:10.117, 0, NVIDIA L40S, 17601 MiB, 46068 MiB, 0 %
2026/08/20 15:17:10.118, 1, NVIDIA L40S, 42639 MiB, 46068 MiB, 0 %
2026/08/20 15:17:10.118, 2, NVIDIA L40S, 42639 MiB, 46068 MiB, 0 %
2026/08/20 15:17:11.118, 0, NVIDIA L40S, 17601 MiB, 46068 MiB, 0 %
2026/08/20 15:17:11.118, 1, NVIDIA L40S, 42639 MiB, 46068 MiB, 0 %
2026/08/20 15:17:11.118, 2, NVIDIA L40S, 42639 MiB, 46068 MiB, 0 %
2026/08/20 15:17:12.118, 0, NVIDIA L40S, 17601 MiB, 46068 MiB, 0 %
2026/08/20 15:17:12.119, 1, NVIDIA L40S, 42639 MiB, 46068 MiB, 0 %
2026/08/20 15:17:12.119, 2, NVIDIA L40S, 42639 MiB, 46068 MiB, 0 %
2026/08/20 15:17:13.119, 0, NVIDIA L40S, 17601 MiB, 46068 MiB, 0 %
2026/08/20 15:17:13.120, 1, NVIDIA L40S, 42639 MiB, 46068 MiB, 0 %
2026/08/20 15:17:13.120, 2, NVIDIA L40S, 42639 MiB, 46068 MiB, 0 %
2026/08/20 15:17:14.120, 0, NVIDIA L40S, 17601 MiB, 46068 MiB, 0 %
2026/08/20 15:17:14.121, 1, NVIDIA L40S, 42639 MiB, 46068 MiB, 0 %
2026/08/20 15:17:14.121, 2, NVIDIA L40S, 42639 MiB, 46068 MiB, 0 %
2026/08/20 15:17:15.121, 0, NVIDIA L40S, 17601 MiB, 46068 MiB, 0 %
2026/08/20 15:17:15.122, 1, NVIDIA L40S, 42639 MiB, 46068 MiB, 0 %
2026/08/20 15:17:15.122, 2, NVIDIA L40S, 42639 MiB, 46068 MiB, 0 %
2026/08/20 15:17:16.122, 0, NVIDIA L40S, 17601 MiB, 46068 MiB, 0 %
2026/08/20 15:17:16.123, 1, NVIDIA L40S, 42639 MiB, 46068 MiB, 0 %
2026/08/20 15:17:16.123, 2, NVIDIA L40S, 42639 MiB, 46068 MiB, 0 %
2026/08/20 15:17:17.123, 0, NVIDIA L40S, 17601 MiB, 46068 MiB, 0 %
2026/08/20 15:17:17.123, 1, NVIDIA L40S, 42639 MiB, 46068 MiB, 0 %
2026/08/20 15:17:17.123, 2, NVIDIA L40S, 42639 MiB, 46068 MiB, 0 %
2026/08/20 15:17:18.124, 0, NVIDIA L40S, 17601 MiB, 46068 MiB, 0 %
2026/08/20 15:17:18.124, 1, NVIDIA L40S, 42639 MiB, 46068 MiB, 0 %
2026/08/20 15:17:18.124, 2, NVIDIA L40S, 42639 MiB, 46068 MiB, 0 %
2026/08/20 15:17:19.124, 0, NVIDIA L40S, 17601 MiB, 46068 MiB, 0 %
2026/08/20 15:17:19.125, 1, NVIDIA L40S, 42639 MiB, 46068 MiB, 0 %
2026/08/20 15:17:19.125, 2, NVIDIA L40S, 42639 MiB, 46068 MiB, 0 %
2026/08/20 15:17:20.125, 0, NVIDIA L40S, 17601 MiB, 46068 MiB, 0 %
2026/08/20 15:17:20.125, 1, NVIDIA L40S, 42639 MiB, 46068 MiB, 0 %
2026/08/20 15:17:20.125, 2, NVIDIA L40S, 42639 MiB, 46068 MiB, 0 %
2026/08/20 15:17:21.126, 0, NVIDIA L40S, 17601 MiB, 46068 MiB, 0 %
2026/08/20 15:17:21.126, 1, NVIDIA L40S, 42639 MiB, 46068 MiB, 0 %
2026/08/20 15:17:21.126, 2, NVIDIA L40S, 42639 MiB, 46068 MiB, 0 %
2026/08/20 15:17:22.127, 0, NVIDIA L40S, 17601 MiB, 46068 MiB, 0 %
2026/08/20 15:17:22.127, 1, NVIDIA L40S, 42639 MiB, 46068 MiB, 0 %
2026/08/20 15:17:22.127, 2, NVIDIA L40S, 42639 MiB, 46068 MiB, 0 %
2026/08/20 15:17:23.127, 0, NVIDIA L40S, 17601 MiB, 46068 MiB, 0 %
2026/08/20 15:17:23.128, 1, NVIDIA L40S, 42639 MiB, 46068 MiB, 0 %
2026/08/20 15:17:23.128, 2, NVIDIA L40S, 42639 MiB, 46068 MiB, 0 %
2026/08/20 15:17:24.128, 0, NVIDIA L40S, 17601 MiB, 46068 MiB, 0 %
2026/08/20 15:17:24.129, 1, NVIDIA L40S, 42639 MiB, 46068 MiB, 0 %
2026/08/20 15:17:24.129, 2, NVIDIA L40S, 42639 MiB, 46068 MiB, 0 %
2026/08/20 15:17:25.129, 0, NVIDIA L40S, 17601 MiB, 46068 MiB, 0 %
2026/08/20 15:17:25.130, 1, NVIDIA L40S, 42639 MiB, 46068 MiB, 0 %
2026/08/20 15:17:25.130, 2, NVIDIA L40S, 42639 MiB, 46068 MiB, 0 %
2026/08/20 15:17:26.130, 0, NVIDIA L40S, 17601 MiB, 46068 MiB, 0 %
2026/08/20 15:17:26.131, 1, NVIDIA L40S, 42639 MiB, 46068 MiB, 0 %
2026/08/20 15:17:26.131, 2, NVIDIA L40S, 42639 MiB, 46068 MiB, 0 %
2026/08/20 15:17:27.131, 0, NVIDIA L40S, 17601 MiB, 46068 MiB, 0 %
2026/08/20 15:17:27.132, 1, NVIDIA L40S, 42639 MiB, 46068 MiB, 0 %
2026/08/20 15:17:27.132, 2, NVIDIA L40S, 42639 MiB, 46068 MiB, 0 %
2026/08/20 15:17:28.132, 0, NVIDIA L40S, 17601 MiB, 46068 MiB, 0 %
2026/08/20 15:17:28.132, 1, NVIDIA L40S, 42639 MiB, 46068 MiB, 0 %
2026/08/20 15:17:28.132, 2, NVIDIA L40S, 42639 MiB, 46068 MiB, 0 %
2026/08/20 15:17:29.133, 0, NVIDIA L40S, 17601 MiB, 46068 MiB, 0 %
2026/08/20 15:17:29.133, 1, NVIDIA L40S, 42639 MiB, 46068 MiB, 0 %
2026/08/20 15:17:29.134, 2, NVIDIA L40S, 42639 MiB, 46068 MiB, 0 %
2026/08/20 15:17:30.134, 0, NVIDIA L40S, 17601 MiB, 46068 MiB, 0 %
2026/08/20 15:17:30.134, 1, NVIDIA L40S, 42639 MiB, 46068 MiB, 0 %
2026/08/20 15:17:30.135, 2, NVIDIA L40S, 42639 MiB, 46068 MiB, 0 %
2026/08/20 15:17:31.135, 0, NVIDIA L40S, 17601 MiB, 46068 MiB, 0 %
2026/08/20 15:17:31.136, 1, NVIDIA L40S, 42639 MiB, 46068 MiB, 0 %
2026/08/20 15:17:31.136, 2, NVIDIA L40S, 42639 MiB, 46068 MiB, 0 %
2026/08/20 15:17:32.136, 0, NVIDIA L40S, 17601 MiB, 46068 MiB, 0 %
2026/08/20 15:17:32.137, 1, NVIDIA L40S, 42639 MiB, 46068 MiB, 0 %
2026/08/20 15:17:32.137, 2, NVIDIA L40S, 42639 MiB, 46068 MiB, 0 %
2026/08/20 15:17:33.137, 0, NVIDIA L40S, 17601 MiB, 46068 MiB, 0 %
2026/08/20 15:17:33.138, 1, NVIDIA L40S, 42639 MiB, 46068 MiB, 0 %
2026/08/20 15:17:33.138, 2, NVIDIA L40S, 42639 MiB, 46068 MiB, 0 %
2026/08/20 15:17:34.138, 0, NVIDIA L40S, 17601 MiB, 46068 MiB, 0 %
2026/08/20 15:17:34.138, 1, NVIDIA L40S, 42639 MiB, 46068 MiB, 0 %
2026/08/20 15:17:34.139, 2, NVIDIA L40S, 42639 MiB, 46068 MiB, 0 %
2026/08/20 15:17:35.139, 0, NVIDIA L40S, 17601 MiB, 46068 MiB, 0 %
2026/08/20 15:17:35.139, 1, NVIDIA L40S, 42639 MiB, 46068 MiB, 0 %
2026/08/20 15:17:35.140, 2, NVIDIA L40S, 42639 MiB, 46068 MiB, 0 %
2026/08/20 15:17:36.140, 0, NVIDIA L40S, 17601 MiB, 46068 MiB, 0 %
2026/08/20 15:17:36.140, 1, NVIDIA L40S, 42639 MiB, 46068 MiB, 0 %
2026/08/20 15:17:36.140, 2, NVIDIA L40S, 42639 MiB, 46068 MiB, 0 %
2026/08/20 15:17:37.141, 0, NVIDIA L40S, 17601 MiB, 46068 MiB, 0 %
2026/08/20 15:17:37.141, 1, NVIDIA L40S, 42639 MiB, 46068 MiB, 0 %
2026/08/20 15:17:37.141, 2, NVIDIA L40S, 42639 MiB, 46068 MiB, 0 %
2026/08/20 15:17:38.142, 0, NVIDIA L40S, 17601 MiB, 46068 MiB, 0 %
2026/08/20 15:17:38.142, 1, NVIDIA L40S, 42639 MiB, 46068 MiB, 0 %
2026/08/20 15:17:38.142, 2, NVIDIA L40S, 42639 MiB, 46068 MiB, 0 %
2026/08/20 15:17:39.143, 0, NVIDIA L40S, 17601 MiB, 46068 MiB, 0 %
2026/08/20 15:17:39.143, 1, NVIDIA L40S, 42639 MiB, 46068 MiB, 0 %
2026/08/20 15:17:39.143, 2, NVIDIA L40S, 42639 MiB, 46068 MiB, 0 %
2026/08/20 15:17:40.144, 0, NVIDIA L40S, 17601 MiB, 46068 MiB, 0 %
2026/08/20 15:17:40.144, 1, NVIDIA L40S, 42639 MiB, 46068 MiB, 0 %
2026/08/20 15:17:40.144, 2, NVIDIA L40S, 42639 MiB, 46068 MiB, 0 %
2026/08/20 15:17:41.145, 0, NVIDIA L40S, 17601 MiB, 46068 MiB, 0 %
2026/08/20 15:17:41.145, 1, NVIDIA L40S, 42639 MiB, 46068 MiB, 0 %
2026/08/20 15:17:41.146, 2, NVIDIA L40S, 42639 MiB, 46068 MiB, 0 %
2026/08/20 15:17:42.146, 0, NVIDIA L40S, 17601 MiB, 46068 MiB, 0 %
2026/08/20 15:17:42.146, 1, NVIDIA L40S, 42639 MiB, 46068 MiB, 0 %
2026/08/20 15:17:42.147, 2, NVIDIA L40S, 42639 MiB, 46068 MiB, 0 %
2026/08/20 15:17:43.147, 0, NVIDIA L40S, 17601 MiB, 46068 MiB, 0 %
2026/08/20 15:17:43.147, 1, NVIDIA L40S, 42639 MiB, 46068 MiB, 0 %
2026/08/20 15:17:43.147, 2, NVIDIA L40S, 42639 MiB, 46068 MiB, 0 %
2026/08/20 15:17:44.147, 0, NVIDIA L40S, 17601 MiB, 46068 MiB, 0 %
2026/08/20 15:17:44.148, 1, NVIDIA L40S, 42639 MiB, 46068 MiB, 0 %
2026/08/20 15:17:44.148, 2, NVIDIA L40S, 42639 MiB, 46068 MiB, 0 %
2026/08/20 15:17:45.148, 0, NVIDIA L40S, 17601 MiB, 46068 MiB, 0 %
2026/08/20 15:17:45.148, 1, NVIDIA L40S, 42639 MiB, 46068 MiB, 0 %
2026/08/20 15:17:45.149, 2, NVIDIA L40S, 42639 MiB, 46068 MiB, 0 %
2026/08/20 15:17:46.149, 0, NVIDIA L40S, 17601 MiB, 46068 MiB, 0 %
2026/08/20 15:17:46.149, 1, NVIDIA L40S, 42639 MiB, 46068 MiB, 0 %
2026/08/20 15:17:46.150, 2, NVIDIA L40S, 42639 MiB, 46068 MiB, 0 %
2026/08/20 15:17:47.150, 0, NVIDIA L40S, 17601 MiB, 46068 MiB, 0 %
2026/08/20 15:17:47.151, 1, NVIDIA L40S, 42639 MiB, 46068 MiB, 0 %
2026/08/20 15:17:47.151, 2, NVIDIA L40S, 42639 MiB, 46068 MiB, 0 %
2026/08/20 15:17:48.151, 0, NVIDIA L40S, 17601 MiB, 46068 MiB, 0 %
2026/08/20 15:17:48.151, 1, NVIDIA L40S, 42639 MiB, 46068 MiB, 0 %
2026/08/20 15:17:48.151, 2, NVIDIA L40S, 42639 MiB, 46068 MiB, 0 %
2026/08/20 15:17:49.152, 0, NVIDIA L40S, 17601 MiB, 46068 MiB, 0 %
2026/08/20 15:17:49.152, 1, NVIDIA L40S, 42639 MiB, 46068 MiB, 0 %
2026/08/20 15:17:49.152, 2, NVIDIA L40S, 42639 MiB, 46068 MiB, 0 %
2026/08/20 15:17:50.152, 0, NVIDIA L40S, 17601 MiB, 46068 MiB, 0 %
2026/08/20 15:17:50.153, 1, NVIDIA L40S, 42639 MiB, 46068 MiB, 0 %
2026/08/20 15:17:50.153, 2, NVIDIA L40S, 42639 MiB, 46068 MiB, 0 %
2026/08/20 15:17:51.153, 0, NVIDIA L40S, 17601 MiB, 46068 MiB, 0 %
2026/08/20 15:17:51.154, 1, NVIDIA L40S, 42639 MiB, 46068 MiB, 0 %
2026/08/20 15:17:51.154, 2, NVIDIA L40S, 42639 MiB, 46068 MiB, 0 %
2026/08/20 15:17:52.154, 0, NVIDIA L40S, 17601 MiB, 46068 MiB, 0 %
2026/08/20 15:17:52.155, 1, NVIDIA L40S, 42639 MiB, 46068 MiB, 0 %
2026/08/20 15:17:52.155, 2, NVIDIA L40S, 42639 MiB, 46068 MiB, 0 %
2026/08/20 15:17:53.155, 0, NVIDIA L40S, 17601 MiB, 46068 MiB, 0 %
2026/08/20 15:17:53.155, 1, NVIDIA L40S, 42639 MiB, 46068 MiB, 0 %
2026/08/20 15:17:53.156, 2, NVIDIA L40S, 42639 MiB, 46068 MiB, 0 %
2026/08/20 15:17:54.156, 0, NVIDIA L40S, 17601 MiB, 46068 MiB, 0 %
2026/08/20 15:17:54.156, 1, NVIDIA L40S, 42639 MiB, 46068 MiB, 0 %
2026/08/20 15:17:54.156, 2, NVIDIA L40S, 42639 MiB, 46068 MiB, 0 %
2026/08/20 15:17:55.156, 0, NVIDIA L40S, 17601 MiB, 46068 MiB, 0 %
2026/08/20 15:17:55.157, 1, NVIDIA L40S, 42639 MiB, 46068 MiB, 0 %
2026/08/20 15:17:55.157, 2, NVIDIA L40S, 42639 MiB, 46068 MiB, 0 %
2026/08/20 15:17:56.157, 0, NVIDIA L40S, 17601 MiB, 46068 MiB, 0 %
2026/08/20 15:17:56.158, 1, NVIDIA L40S, 42639 MiB, 46068 MiB, 0 %
2026/08/20 15:17:56.158, 2, NVIDIA L40S, 42639 MiB, 46068 MiB, 0 %
2026/08/20 15:17:57.158, 0, NVIDIA L40S, 17601 MiB, 46068 MiB, 0 %
2026/08/20 15:17:57.159, 1, NVIDIA L40S, 42639 MiB, 46068 MiB, 0 %
2026/08/20 15:17:57.159, 2, NVIDIA L40S, 42639 MiB, 46068 MiB, 0 %
2026/08/20 15:17:58.159, 0, NVIDIA L40S, 17601 MiB, 46068 MiB, 0 %
2026/08/20 15:17:58.160, 1, NVIDIA L40S, 42639 MiB, 46068 MiB, 0 %
2026/08/20 15:17:58.160, 2, NVIDIA L40S, 42639 MiB, 46068 MiB, 0 %
2026/08/20 15:17:59.160, 0, NVIDIA L40S, 17601 MiB, 46068 MiB, 0 %
2026/08/20 15:17:59.161, 1, NVIDIA L40S, 42639 MiB, 46068 MiB, 0 %
2026/08/20 15:17:59.161, 2, NVIDIA L40S, 42639 MiB, 46068 MiB, 0 %
2026/08/20 15:18:00.161, 0, NVIDIA L40S, 17601 MiB, 46068 MiB, 0 %
2026/08/20 15:18:00.161, 1, NVIDIA L40S, 42639 MiB, 46068 MiB, 0 %
2026/08/20 15:18:00.162, 2, NVIDIA L40S, 42639 MiB, 46068 MiB, 0 %
2026/08/20 15:18:01.162, 0, NVIDIA L40S, 17601 MiB, 46068 MiB, 0 %
2026/08/20 15:18:01.163, 1, NVIDIA L40S, 42639 MiB, 46068 MiB, 0 %
2026/08/20 15:18:01.163, 2, NVIDIA L40S, 42639 MiB, 46068 MiB, 0 %
2026/08/20 15:18:02.163, 0, NVIDIA L40S, 17601 MiB, 46068 MiB, 0 %
2026/08/20 15:18:02.163, 1, NVIDIA L40S, 42639 MiB, 46068 MiB, 0 %
2026/08/20 15:18:02.163, 2, NVIDIA L40S, 42639 MiB, 46068 MiB, 0 %
2026/08/20 15:18:03.164, 0, NVIDIA L40S, 17601 MiB, 46068 MiB, 0 %
2026/08/20 15:18:03.164, 1, NVIDIA L40S, 42639 MiB, 46068 MiB, 0 %
2026/08/20 15:18:03.164, 2, NVIDIA L40S, 42639 MiB, 46068 MiB, 0 %
2026/08/20 15:18:04.164, 0, NVIDIA L40S, 17601 MiB, 46068 MiB, 0 %
2026/08/20 15:18:04.164, 1, NVIDIA L40S, 42639 MiB, 46068 MiB, 0 %
2026/08/20 15:18:04.165, 2, NVIDIA L40S, 42639 MiB, 46068 MiB, 0 %
2026/08/20 15:18:05.165, 0, NVIDIA L40S, 17601 MiB, 46068 MiB, 0 %
2026/08/20 15:18:05.165, 1, NVIDIA L40S, 42639 MiB, 46068 MiB, 0 %
2026/08/20 15:18:05.165, 2, NVIDIA L40S, 42639 MiB, 46068 MiB, 0 %
2026/08/20 15:18:06.165, 0, NVIDIA L40S, 17601 MiB, 46068 MiB, 0 %
2026/08/20 15:18:06.166, 1, NVIDIA L40S, 42639 MiB, 46068 MiB, 0 %
2026/08/20 15:18:06.166, 2, NVIDIA L40S, 42639 MiB, 46068 MiB, 0 %
2026/08/20 15:18:07.166, 0, NVIDIA L40S, 17601 MiB, 46068 MiB, 0 %
2026/08/20 15:18:07.167, 1, NVIDIA L40S, 42639 MiB, 46068 MiB, 0 %
2026/08/20 15:18:07.167, 2, NVIDIA L40S, 42639 MiB, 46068 MiB, 0 %
2026/08/20 15:18:08.167, 0, NVIDIA L40S, 17601 MiB, 46068 MiB, 0 %
2026/08/20 15:18:08.167, 1, NVIDIA L40S, 42639 MiB, 46068 MiB, 0 %
2026/08/20 15:18:08.167, 2, NVIDIA L40S, 42639 MiB, 46068 MiB, 0 %
2026/08/20 15:18:09.168, 0, NVIDIA L40S, 17601 MiB, 46068 MiB, 0 %
2026/08/20 15:18:09.168, 1, NVIDIA L40S, 42639 MiB, 46068 MiB, 0 %
2026/08/20 15:18:09.168, 2, NVIDIA L40S, 42639 MiB, 46068 MiB, 0 %
2026/08/20 15:18:10.168, 0, NVIDIA L40S, 17601 MiB, 46068 MiB, 0 %
2026/08/20 15:18:10.168, 1, NVIDIA L40S, 42639 MiB, 46068 MiB, 0 %
2026/08/20 15:18:10.168, 2, NVIDIA L40S, 42639 MiB, 46068 MiB, 0 %
2026/08/20 15:18:11.169, 0, NVIDIA L40S, 17601 MiB, 46068 MiB, 0 %
2026/08/20 15:18:11.169, 1, NVIDIA L40S, 42639 MiB, 46068 MiB, 0 %
2026/08/20 15:18:11.169, 2, NVIDIA L40S, 42639 MiB, 46068 MiB, 0 %
2026/08/20 15:18:12.169, 0, NVIDIA L40S, 17601 MiB, 46068 MiB, 0 %
2026/08/20 15:18:12.170, 1, NVIDIA L40S, 42639 MiB, 46068 MiB, 0 %
2026/08/20 15:18:12.170, 2, NVIDIA L40S, 42639 MiB, 46068 MiB, 0 %
2026/08/20 15:18:13.170, 0, NVIDIA L40S, 17601 MiB, 46068 MiB, 0 %
2026/08/20 15:18:13.170, 1, NVIDIA L40S, 42639 MiB, 46068 MiB, 0 %
2026/08/20 15:18:13.170, 2, NVIDIA L40S, 42639 MiB, 46068 MiB, 0 %
2026/08/20 15:18:14.171, 0, NVIDIA L40S, 17601 MiB, 46068 MiB, 0 %
2026/08/20 15:18:14.171, 1, NVIDIA L40S, 42639 MiB, 46068 MiB, 0 %
2026/08/20 15:18:14.171, 2, NVIDIA L40S, 42639 MiB, 46068 MiB, 0 %
2026/08/20 15:18:15.171, 0, NVIDIA L40S, 17601 MiB, 46068 MiB, 0 %
2026/08/20 15:18:15.171, 1, NVIDIA L40S, 42639 MiB, 46068 MiB, 0 %
2026/08/20 15:18:15.172, 2, NVIDIA L40S, 42639 MiB, 46068 MiB, 0 %
2026/08/20 15:18:16.172, 0, NVIDIA L40S, 17601 MiB, 46068 MiB, 0 %
2026/08/20 15:18:16.172, 1, NVIDIA L40S, 42639 MiB, 46068 MiB, 0 %
2026/08/20 15:18:16.172, 2, NVIDIA L40S, 42639 MiB, 46068 MiB, 0 %
2026/08/20 15:18:17.172, 0, NVIDIA L40S, 17601 MiB, 46068 MiB, 0 %
2026/08/20 15:18:17.173, 1, NVIDIA L40S, 42639 MiB, 46068 MiB, 0 %
2026/08/20 15:18:17.173, 2, NVIDIA L40S, 42639 MiB, 46068 MiB, 0 %
2026/08/20 15:18:18.173, 0, NVIDIA L40S, 17601 MiB, 46068 MiB, 0 %
2026/08/20 15:18:18.173, 1, NVIDIA L40S, 42639 MiB, 46068 MiB, 0 %
2026/08/20 15:18:18.173, 2, NVIDIA L40S, 42639 MiB, 46068 MiB, 0 %
2026/08/20 15:18:19.173, 0, NVIDIA L40S, 17601 MiB, 46068 MiB, 0 %
2026/08/20 15:18:19.174, 1, NVIDIA L40S, 42639 MiB, 46068 MiB, 0 %
2026/08/20 15:18:19.174, 2, NVIDIA L40S, 42639 MiB, 46068 MiB, 0 %
2026/08/20 15:18:20.174, 0, NVIDIA L40S, 17601 MiB, 46068 MiB, 0 %
2026/08/20 15:18:20.174, 1, NVIDIA L40S, 42639 MiB, 46068 MiB, 0 %
2026/08/20 15:18:20.174, 2, NVIDIA L40S, 42639 MiB, 46068 MiB, 0 %
2026/08/20 15:18:21.174, 0, NVIDIA L40S, 17601 MiB, 46068 MiB, 0 %
2026/08/20 15:18:21.175, 1, NVIDIA L40S, 42639 MiB, 46068 MiB, 0 %
2026/08/20 15:18:21.175, 2, NVIDIA L40S, 42639 MiB, 46068 MiB, 0 %
2026/08/20 15:18:22.175, 0, NVIDIA L40S, 17601 MiB, 46068 MiB, 0 %
2026/08/20 15:18:22.175, 1, NVIDIA L40S, 42639 MiB, 46068 MiB, 0 %
2026/08/20 15:18:22.175, 2, NVIDIA L40S, 42639 MiB, 46068 MiB, 0 %
2026/08/20 15:18:23.176, 0, NVIDIA L40S, 17601 MiB, 46068 MiB, 0 %
2026/08/20 15:18:23.176, 1, NVIDIA L40S, 42639 MiB, 46068 MiB, 0 %
2026/08/20 15:18:23.176, 2, NVIDIA L40S, 42639 MiB, 46068 MiB, 0 %
2026/08/20 15:18:24.176, 0, NVIDIA L40S, 17601 MiB, 46068 MiB, 0 %
2026/08/20 15:18:24.177, 1, NVIDIA L40S, 42639 MiB, 46068 MiB, 0 %
2026/08/20 15:18:24.177, 2, NVIDIA L40S, 42639 MiB, 46068 MiB, 0 %
2026/08/20 15:18:25.177, 0, NVIDIA L40S, 17601 MiB, 46068 MiB, 0 %
2026/08/20 15:18:25.178, 1, NVIDIA L40S, 42639 MiB, 46068 MiB, 0 %
2026/08/20 15:18:25.178, 2, NVIDIA L40S, 42639 MiB, 46068 MiB, 0 %
2026/08/20 15:18:26.178, 0, NVIDIA L40S, 17601 MiB, 46068 MiB, 0 %
2026/08/20 15:18:26.178, 1, NVIDIA L40S, 42639 MiB, 46068 MiB, 0 %
2026/08/20 15:18:26.179, 2, NVIDIA L40S, 42639 MiB, 46068 MiB, 0 %
2026/08/20 15:18:27.179, 0, NVIDIA L40S, 17601 MiB, 46068 MiB, 0 %
2026/08/20 15:18:27.179, 1, NVIDIA L40S, 42639 MiB, 46068 MiB, 0 %
2026/08/20 15:18:27.179, 2, NVIDIA L40S, 42639 MiB, 46068 MiB, 0 %
2026/08/20 15:18:28.179, 0, NVIDIA L40S, 17601 MiB, 46068 MiB, 0 %
2026/08/20 15:18:28.180, 1, NVIDIA L40S, 42639 MiB, 46068 MiB, 0 %
2026/08/20 15:18:28.180, 2, NVIDIA L40S, 42639 MiB, 46068 MiB, 0 %
2026/08/20 15:18:29.180, 0, NVIDIA L40S, 17601 MiB, 46068 MiB, 0 %
2026/08/20 15:18:29.181, 1, NVIDIA L40S, 42639 MiB, 46068 MiB, 0 %
2026/08/20 15:18:29.181, 2, NVIDIA L40S, 42639 MiB, 46068 MiB, 0 %
2026/08/20 15:18:30.181, 0, NVIDIA L40S, 17601 MiB, 46068 MiB, 0 %
2026/08/20 15:18:30.182, 1, NVIDIA L40S, 42639 MiB, 46068 MiB, 0 %
2026/08/20 15:18:30.182, 2, NVIDIA L40S, 42639 MiB, 46068 MiB, 0 %
2026/08/20 15:18:31.182, 0, NVIDIA L40S, 17601 MiB, 46068 MiB, 0 %
2026/08/20 15:18:31.182, 1, NVIDIA L40S, 42639 MiB, 46068 MiB, 0 %
2026/08/20 15:18:31.183, 2, NVIDIA L40S, 42639 MiB, 46068 MiB, 0 %
2026/08/20 15:18:32.183, 0, NVIDIA L40S, 17601 MiB, 46068 MiB, 0 %
2026/08/20 15:18:32.183, 1, NVIDIA L40S, 42639 MiB, 46068 MiB, 0 %
2026/08/20 15:18:32.183, 2, NVIDIA L40S, 42639 MiB, 46068 MiB, 0 %
2026/08/20 15:18:33.184, 0, NVIDIA L40S, 17601 MiB, 46068 MiB, 0 %
2026/08/20 15:18:33.184, 1, NVIDIA L40S, 42639 MiB, 46068 MiB, 0 %
2026/08/20 15:18:33.184, 2, NVIDIA L40S, 42639 MiB, 46068 MiB, 0 %
2026/08/20 15:18:34.184, 0, NVIDIA L40S, 17601 MiB, 46068 MiB, 0 %
2026/08/20 15:18:34.185, 1, NVIDIA L40S, 42639 MiB, 46068 MiB, 0 %
2026/08/20 15:18:34.185, 2, NVIDIA L40S, 42639 MiB, 46068 MiB, 0 %
2026/08/20 15:18:35.185, 0, NVIDIA L40S, 17601 MiB, 46068 MiB, 0 %
2026/08/20 15:18:35.186, 1, NVIDIA L40S, 42639 MiB, 46068 MiB, 0 %
2026/08/20 15:18:35.186, 2, NVIDIA L40S, 42639 MiB, 46068 MiB, 0 %
2026/08/20 15:18:36.186, 0, NVIDIA L40S, 17601 MiB, 46068 MiB, 0 %
2026/08/20 15:18:36.186, 1, NVIDIA L40S, 42639 MiB, 46068 MiB, 0 %
2026/08/20 15:18:36.186, 2, NVIDIA L40S, 42639 MiB, 46068 MiB, 0 %
2026/08/20 15:18:37.187, 0, NVIDIA L40S, 17601 MiB, 46068 MiB, 0 %
2026/08/20 15:18:37.187, 1, NVIDIA L40S, 42639 MiB, 46068 MiB, 0 %
2026/08/20 15:18:37.187, 2, NVIDIA L40S, 42639 MiB, 46068 MiB, 0 %
2026/08/20 15:18:38.188, 0, NVIDIA L40S, 17601 MiB, 46068 MiB, 0 %
2026/08/20 15:18:38.188, 1, NVIDIA L40S, 42639 MiB, 46068 MiB, 0 %
2026/08/20 15:18:38.188, 2, NVIDIA L40S, 42639 MiB, 46068 MiB, 0 %
2026/08/20 15:18:39.188, 0, NVIDIA L40S, 17601 MiB, 46068 MiB, 0 %
2026/08/20 15:18:39.189, 1, NVIDIA L40S, 42639 MiB, 46068 MiB, 0 %
2026/08/20 15:18:39.189, 2, NVIDIA L40S, 42639 MiB, 46068 MiB, 0 %
2026/08/20 15:18:40.189, 0, NVIDIA L40S, 17601 MiB, 46068 MiB, 0 %
2026/08/20 15:18:40.190, 1, NVIDIA L40S, 42639 MiB, 46068 MiB, 0 %
2026/08/20 15:18:40.190, 2, NVIDIA L40S, 42639 MiB, 46068 MiB, 0 %
2026/08/20 15:18:41.190, 0, NVIDIA L40S, 17601 MiB, 46068 MiB, 0 %
2026/08/20 15:18:41.191, 1, NVIDIA L40S, 42639 MiB, 46068 MiB, 0 %
2026/08/20 15:18:41.191, 2, NVIDIA L40S, 42639 MiB, 46068 MiB, 0 %
2026/08/20 15:18:42.191, 0, NVIDIA L40S, 17601 MiB, 46068 MiB, 0 %
2026/08/20 15:18:42.191, 1, NVIDIA L40S, 42639 MiB, 46068 MiB, 0 %
2026/08/20 15:18:42.191, 2, NVIDIA L40S, 42639 MiB, 46068 MiB, 0 %
2026/08/20 15:18:43.192, 0, NVIDIA L40S, 17601 MiB, 46068 MiB, 0 %
2026/08/20 15:18:43.192, 1, NVIDIA L40S, 42639 MiB, 46068 MiB, 0 %
2026/08/20 15:18:43.192, 2, NVIDIA L40S, 42639 MiB, 46068 MiB, 0 %
2026/08/20 15:18:44.193, 0, NVIDIA L40S, 17601 MiB, 46068 MiB, 0 %
2026/08/20 15:18:44.193, 1, NVIDIA L40S, 42639 MiB, 46068 MiB, 0 %
2026/08/20 15:18:44.193, 2, NVIDIA L40S, 42639 MiB, 46068 MiB, 0 %
2026/08/20 15:18:45.194, 0, NVIDIA L40S, 17601 MiB, 46068 MiB, 0 %
2026/08/20 15:18:45.194, 1, NVIDIA L40S, 42639 MiB, 46068 MiB, 0 %
2026/08/20 15:18:45.194, 2, NVIDIA L40S, 42639 MiB, 46068 MiB, 0 %
2026/08/20 15:18:46.195, 0, NVIDIA L40S, 17601 MiB, 46068 MiB, 0 %
2026/08/20 15:18:46.195, 1, NVIDIA L40S, 42639 MiB, 46068 MiB, 0 %
2026/08/20 15:18:46.195, 2, NVIDIA L40S, 42639 MiB, 46068 MiB, 0 %
2026/08/20 15:18:47.196, 0, NVIDIA L40S, 17601 MiB, 46068 MiB, 0 %
2026/08/20 15:18:47.196, 1, NVIDIA L40S, 42639 MiB, 46068 MiB, 0 %
2026/08/20 15:18:47.196, 2, NVIDIA L40S, 42639 MiB, 46068 MiB, 0 %
2026/08/20 15:18:48.197, 0, NVIDIA L40S, 17601 MiB, 46068 MiB, 0 %
2026/08/20 15:18:48.197, 1, NVIDIA L40S, 42639 MiB, 46068 MiB, 0 %
2026/08/20 15:18:48.197, 2, NVIDIA L40S, 42639 MiB, 46068 MiB, 0 %
2026/08/20 15:18:49.197, 0, NVIDIA L40S, 17601 MiB, 46068 MiB, 0 %
2026/08/20 15:18:49.198, 1, NVIDIA L40S, 42639 MiB, 46068 MiB, 0 %
2026/08/20 15:18:49.198, 2, NVIDIA L40S, 42639 MiB, 46068 MiB, 0 %
2026/08/20 15:18:50.198, 0, NVIDIA L40S, 17601 MiB, 46068 MiB, 0 %
2026/08/20 15:18:50.199, 1, NVIDIA L40S, 42639 MiB, 46068 MiB, 0 %
2026/08/20 15:18:50.199, 2, NVIDIA L40S, 42639 MiB, 46068 MiB, 0 %
2026/08/20 15:18:51.199, 0, NVIDIA L40S, 17601 MiB, 46068 MiB, 0 %
2026/08/20 15:18:51.200, 1, NVIDIA L40S, 42639 MiB, 46068 MiB, 0 %
2026/08/20 15:18:51.200, 2, NVIDIA L40S, 42639 MiB, 46068 MiB, 0 %
2026/08/20 15:18:52.200, 0, NVIDIA L40S, 17601 MiB, 46068 MiB, 0 %
2026/08/20 15:18:52.201, 1, NVIDIA L40S, 42639 MiB, 46068 MiB, 0 %
2026/08/20 15:18:52.201, 2, NVIDIA L40S, 42639 MiB, 46068 MiB, 0 %
2026/08/20 15:18:53.201, 0, NVIDIA L40S, 17601 MiB, 46068 MiB, 0 %
2026/08/20 15:18:53.201, 1, NVIDIA L40S, 42639 MiB, 46068 MiB, 0 %
2026/08/20 15:18:53.202, 2, NVIDIA L40S, 42639 MiB, 46068 MiB, 0 %
2026/08/20 15:18:54.202, 0, NVIDIA L40S, 17601 MiB, 46068 MiB, 0 %
2026/08/20 15:18:54.202, 1, NVIDIA L40S, 42639 MiB, 46068 MiB, 0 %
2026/08/20 15:18:54.202, 2, NVIDIA L40S, 42639 MiB, 46068 MiB, 0 %
2026/08/20 15:18:55.202, 0, NVIDIA L40S, 17601 MiB, 46068 MiB, 0 %
2026/08/20 15:18:55.203, 1, NVIDIA L40S, 42639 MiB, 46068 MiB, 0 %
2026/08/20 15:18:55.203, 2, NVIDIA L40S, 42639 MiB, 46068 MiB, 0 %
2026/08/20 15:18:56.203, 0, NVIDIA L40S, 17601 MiB, 46068 MiB, 0 %
2026/08/20 15:18:56.204, 1, NVIDIA L40S, 42639 MiB, 46068 MiB, 0 %
2026/08/20 15:18:56.204, 2, NVIDIA L40S, 42639 MiB, 46068 MiB, 0 %
2026/08/20 15:18:57.205, 0, NVIDIA L40S, 17601 MiB, 46068 MiB, 0 %
2026/08/20 15:18:57.205, 1, NVIDIA L40S, 42639 MiB, 46068 MiB, 0 %
2026/08/20 15:18:57.205, 2, NVIDIA L40S, 42639 MiB, 46068 MiB, 0 %
2026/08/20 15:18:58.206, 0, NVIDIA L40S, 17601 MiB, 46068 MiB, 0 %
2026/08/20 15:18:58.206, 1, NVIDIA L40S, 42639 MiB, 46068 MiB, 0 %
2026/08/20 15:18:58.206, 2, NVIDIA L40S, 42639 MiB, 46068 MiB, 0 %
2026/08/20 15:18:59.206, 0, NVIDIA L40S, 17601 MiB, 46068 MiB, 0 %
2026/08/20 15:18:59.207, 1, NVIDIA L40S, 42639 MiB, 46068 MiB, 0 %
2026/08/20 15:18:59.207, 2, NVIDIA L40S, 42639 MiB, 46068 MiB, 0 %
2026/08/20 15:19:00.207, 0, NVIDIA L40S, 17601 MiB, 46068 MiB, 0 %
2026/08/20 15:19:00.208, 1, NVIDIA L40S, 42639 MiB, 46068 MiB, 0 %
2026/08/20 15:19:00.208, 2, NVIDIA L40S, 42639 MiB, 46068 MiB, 0 %
2026/08/20 15:19:01.208, 0, NVIDIA L40S, 17601 MiB, 46068 MiB, 0 %
2026/08/20 15:19:01.208, 1, NVIDIA L40S, 42639 MiB, 46068 MiB, 0 %
2026/08/20 15:19:01.209, 2, NVIDIA L40S, 42639 MiB, 46068 MiB, 0 %
2026/08/20 15:19:02.209, 0, NVIDIA L40S, 17601 MiB, 46068 MiB, 0 %
2026/08/20 15:19:02.209, 1, NVIDIA L40S, 42639 MiB, 46068 MiB, 0 %
2026/08/20 15:19:02.209, 2, NVIDIA L40S, 42639 MiB, 46068 MiB, 0 %
2026/08/20 15:19:03.210, 0, NVIDIA L40S, 17601 MiB, 46068 MiB, 0 %
2026/08/20 15:19:03.210, 1, NVIDIA L40S, 42639 MiB, 46068 MiB, 0 %
2026/08/20 15:19:03.210, 2, NVIDIA L40S, 42639 MiB, 46068 MiB, 0 %
2026/08/20 15:19:04.212, 0, NVIDIA L40S, 17601 MiB, 46068 MiB, 0 %
2026/08/20 15:19:04.213, 1, NVIDIA L40S, 42639 MiB, 46068 MiB, 0 %
2026/08/20 15:19:04.213, 2, NVIDIA L40S, 42639 MiB, 46068 MiB, 0 %
2026/08/20 15:19:05.213, 0, NVIDIA L40S, 17601 MiB, 46068 MiB, 0 %
2026/08/20 15:19:05.214, 1, NVIDIA L40S, 42639 MiB, 46068 MiB, 0 %
2026/08/20 15:19:05.214, 2, NVIDIA L40S, 42639 MiB, 46068 MiB, 0 %
2026/08/20 15:19:06.214, 0, NVIDIA L40S, 17601 MiB, 46068 MiB, 0 %
2026/08/20 15:19:06.214, 1, NVIDIA L40S, 42639 MiB, 46068 MiB, 0 %
2026/08/20 15:19:06.215, 2, NVIDIA L40S, 42639 MiB, 46068 MiB, 0 %
2026/08/20 15:19:07.215, 0, NVIDIA L40S, 17601 MiB, 46068 MiB, 0 %
2026/08/20 15:19:07.215, 1, NVIDIA L40S, 42639 MiB, 46068 MiB, 0 %
2026/08/20 15:19:07.215, 2, NVIDIA L40S, 42639 MiB, 46068 MiB, 0 %
2026/08/20 15:19:08.216, 0, NVIDIA L40S, 17601 MiB, 46068 MiB, 0 %
2026/08/20 15:19:08.216, 1, NVIDIA L40S, 42639 MiB, 46068 MiB, 0 %
2026/08/20 15:19:08.216, 2, NVIDIA L40S, 42639 MiB, 46068 MiB, 0 %
2026/08/20 15:19:09.217, 0, NVIDIA L40S, 17601 MiB, 46068 MiB, 0 %
2026/08/20 15:19:09.217, 1, NVIDIA L40S, 42639 MiB, 46068 MiB, 0 %
2026/08/20 15:19:09.217, 2, NVIDIA L40S, 42639 MiB, 46068 MiB, 0 %
2026/08/20 15:19:10.217, 0, NVIDIA L40S, 17601 MiB, 46068 MiB, 0 %
2026/08/20 15:19:10.218, 1, NVIDIA L40S, 42639 MiB, 46068 MiB, 0 %
2026/08/20 15:19:10.218, 2, NVIDIA L40S, 42639 MiB, 46068 MiB, 0 %
2026/08/20 15:19:11.218, 0, NVIDIA L40S, 17601 MiB, 46068 MiB, 0 %
2026/08/20 15:19:11.219, 1, NVIDIA L40S, 42639 MiB, 46068 MiB, 0 %
2026/08/20 15:19:11.219, 2, NVIDIA L40S, 42639 MiB, 46068 MiB, 0 %
2026/08/20 15:19:12.219, 0, NVIDIA L40S, 17601 MiB, 46068 MiB, 0 %
2026/08/20 15:19:12.220, 1, NVIDIA L40S, 42639 MiB, 46068 MiB, 0 %
2026/08/20 15:19:12.220, 2, NVIDIA L40S, 42639 MiB, 46068 MiB, 0 %
2026/08/20 15:19:13.220, 0, NVIDIA L40S, 17601 MiB, 46068 MiB, 0 %
2026/08/20 15:19:13.221, 1, NVIDIA L40S, 42639 MiB, 46068 MiB, 0 %
2026/08/20 15:19:13.221, 2, NVIDIA L40S, 42639 MiB, 46068 MiB, 0 %
2026/08/20 15:19:14.221, 0, NVIDIA L40S, 17601 MiB, 46068 MiB, 0 %
2026/08/20 15:19:14.221, 1, NVIDIA L40S, 42639 MiB, 46068 MiB, 0 %
2026/08/20 15:19:14.221, 2, NVIDIA L40S, 42639 MiB, 46068 MiB, 0 %
2026/08/20 15:19:15.222, 0, NVIDIA L40S, 17601 MiB, 46068 MiB, 0 %
2026/08/20 15:19:15.222, 1, NVIDIA L40S, 42639 MiB, 46068 MiB, 0 %
2026/08/20 15:19:15.222, 2, NVIDIA L40S, 42639 MiB, 46068 MiB, 0 %
2026/08/20 15:19:16.223, 0, NVIDIA L40S, 17601 MiB, 46068 MiB, 0 %
2026/08/20 15:19:16.223, 1, NVIDIA L40S, 42639 MiB, 46068 MiB, 0 %
2026/08/20 15:19:16.223, 2, NVIDIA L40S, 42639 MiB, 46068 MiB, 0 %
2026/08/20 15:19:17.224, 0, NVIDIA L40S, 17601 MiB, 46068 MiB, 0 %
2026/08/20 15:19:17.224, 1, NVIDIA L40S, 42639 MiB, 46068 MiB, 0 %
2026/08/20 15:19:17.224, 2, NVIDIA L40S, 42639 MiB, 46068 MiB, 0 %
2026/08/20 15:19:18.225, 0, NVIDIA L40S, 17601 MiB, 46068 MiB, 0 %
2026/08/20 15:19:18.225, 1, NVIDIA L40S, 42639 MiB, 46068 MiB, 0 %
2026/08/20 15:19:18.225, 2, NVIDIA L40S, 42639 MiB, 46068 MiB, 0 %
2026/08/20 15:19:19.225, 0, NVIDIA L40S, 17601 MiB, 46068 MiB, 0 %
2026/08/20 15:19:19.226, 1, NVIDIA L40S, 42639 MiB, 46068 MiB, 0 %
2026/08/20 15:19:19.226, 2, NVIDIA L40S, 42639 MiB, 46068 MiB, 0 %
2026/08/20 15:19:20.226, 0, NVIDIA L40S, 17601 MiB, 46068 MiB, 0 %
2026/08/20 15:19:20.227, 1, NVIDIA L40S, 42639 MiB, 46068 MiB, 0 %
2026/08/20 15:19:20.227, 2, NVIDIA L40S, 42639 MiB, 46068 MiB, 0 %
2026/08/20 15:19:21.227, 0, NVIDIA L40S, 17601 MiB, 46068 MiB, 0 %
2026/08/20 15:19:21.228, 1, NVIDIA L40S, 42639 MiB, 46068 MiB, 0 %
2026/08/20 15:19:21.228, 2, NVIDIA L40S, 42639 MiB, 46068 MiB, 0 %
2026/08/20 15:19:22.228, 0, NVIDIA L40S, 17601 MiB, 46068 MiB, 0 %
2026/08/20 15:19:22.229, 1, NVIDIA L40S, 42639 MiB, 46068 MiB, 0 %
2026/08/20 15:19:22.229, 2, NVIDIA L40S, 42639 MiB, 46068 MiB, 0 %
2026/08/20 15:19:23.229, 0, NVIDIA L40S, 17601 MiB, 46068 MiB, 0 %
2026/08/20 15:19:23.229, 1, NVIDIA L40S, 42639 MiB, 46068 MiB, 0 %
2026/08/20 15:19:23.230, 2, NVIDIA L40S, 42639 MiB, 46068 MiB, 0 %
2026/08/20 15:19:24.230, 0, NVIDIA L40S, 17601 MiB, 46068 MiB, 0 %
2026/08/20 15:19:24.230, 1, NVIDIA L40S, 42639 MiB, 46068 MiB, 0 %
2026/08/20 15:19:24.230, 2, NVIDIA L40S, 42639 MiB, 46068 MiB, 0 %
2026/08/20 15:19:25.231, 0, NVIDIA L40S, 17601 MiB, 46068 MiB, 0 %
2026/08/20 15:19:25.231, 1, NVIDIA L40S, 42639 MiB, 46068 MiB, 0 %
2026/08/20 15:19:25.231, 2, NVIDIA L40S, 42639 MiB, 46068 MiB, 0 %
2026/08/20 15:19:26.231, 0, NVIDIA L40S, 17601 MiB, 46068 MiB, 0 %
2026/08/20 15:19:26.231, 1, NVIDIA L40S, 42639 MiB, 46068 MiB, 0 %
2026/08/20 15:19:26.232, 2, NVIDIA L40S, 42639 MiB, 46068 MiB, 0 %
2026/08/20 15:19:27.232, 0, NVIDIA L40S, 17601 MiB, 46068 MiB, 0 %
2026/08/20 15:19:27.232, 1, NVIDIA L40S, 42639 MiB, 46068 MiB, 0 %
2026/08/20 15:19:27.232, 2, NVIDIA L40S, 42639 MiB, 46068 MiB, 0 %
2026/08/20 15:19:28.232, 0, NVIDIA L40S, 17601 MiB, 46068 MiB, 0 %
2026/08/20 15:19:28.233, 1, NVIDIA L40S, 42639 MiB, 46068 MiB, 0 %
2026/08/20 15:19:28.233, 2, NVIDIA L40S, 42639 MiB, 46068 MiB, 0 %
2026/08/20 15:19:29.233, 0, NVIDIA L40S, 17601 MiB, 46068 MiB, 0 %
2026/08/20 15:19:29.233, 1, NVIDIA L40S, 42639 MiB, 46068 MiB, 0 %
2026/08/20 15:19:29.234, 2, NVIDIA L40S, 42639 MiB, 46068 MiB, 0 %
2026/08/20 15:19:30.234, 0, NVIDIA L40S, 17601 MiB, 46068 MiB, 0 %
2026/08/20 15:19:30.234, 1, NVIDIA L40S, 42639 MiB, 46068 MiB, 0 %
2026/08/20 15:19:30.234, 2, NVIDIA L40S, 42639 MiB, 46068 MiB, 0 %
2026/08/20 15:19:31.234, 0, NVIDIA L40S, 17601 MiB, 46068 MiB, 0 %
2026/08/20 15:19:31.235, 1, NVIDIA L40S, 42639 MiB, 46068 MiB, 0 %
2026/08/20 15:19:31.235, 2, NVIDIA L40S, 42639 MiB, 46068 MiB, 0 %
2026/08/20 15:19:32.235, 0, NVIDIA L40S, 17601 MiB, 46068 MiB, 0 %
2026/08/20 15:19:32.235, 1, NVIDIA L40S, 42639 MiB, 46068 MiB, 0 %
2026/08/20 15:19:32.236, 2, NVIDIA L40S, 42639 MiB, 46068 MiB, 0 %
2026/08/20 15:19:33.236, 0, NVIDIA L40S, 17601 MiB, 46068 MiB, 0 %
2026/08/20 15:19:33.236, 1, NVIDIA L40S, 42639 MiB, 46068 MiB, 0 %
2026/08/20 15:19:33.236, 2, NVIDIA L40S, 42639 MiB, 46068 MiB, 0 %
2026/08/20 15:19:34.237, 0, NVIDIA L40S, 17601 MiB, 46068 MiB, 0 %
2026/08/20 15:19:34.237, 1, NVIDIA L40S, 42639 MiB, 46068 MiB, 0 %
2026/08/20 15:19:34.237, 2, NVIDIA L40S, 42639 MiB, 46068 MiB, 0 %
2026/08/20 15:19:35.238, 0, NVIDIA L40S, 17601 MiB, 46068 MiB, 0 %
2026/08/20 15:19:35.238, 1, NVIDIA L40S, 42639 MiB, 46068 MiB, 0 %
2026/08/20 15:19:35.238, 2, NVIDIA L40S, 42639 MiB, 46068 MiB, 0 %
2026/08/20 15:19:36.239, 0, NVIDIA L40S, 17601 MiB, 46068 MiB, 0 %
2026/08/20 15:19:36.239, 1, NVIDIA L40S, 42639 MiB, 46068 MiB, 0 %
2026/08/20 15:19:36.239, 2, NVIDIA L40S, 42639 MiB, 46068 MiB, 0 %
2026/08/20 15:19:37.240, 0, NVIDIA L40S, 17601 MiB, 46068 MiB, 0 %
2026/08/20 15:19:37.240, 1, NVIDIA L40S, 42639 MiB, 46068 MiB, 0 %
2026/08/20 15:19:37.240, 2, NVIDIA L40S, 42639 MiB, 46068 MiB, 0 %
2026/08/20 15:19:38.240, 0, NVIDIA L40S, 17601 MiB, 46068 MiB, 0 %
2026/08/20 15:19:38.241, 1, NVIDIA L40S, 42639 MiB, 46068 MiB, 0 %
2026/08/20 15:19:38.241, 2, NVIDIA L40S, 42639 MiB, 46068 MiB, 0 %
2026/08/20 15:19:39.241, 0, NVIDIA L40S, 17601 MiB, 46068 MiB, 0 %
2026/08/20 15:19:39.242, 1, NVIDIA L40S, 42639 MiB, 46068 MiB, 0 %
2026/08/20 15:19:39.242, 2, NVIDIA L40S, 42639 MiB, 46068 MiB, 0 %
2026/08/20 15:19:40.242, 0, NVIDIA L40S, 17601 MiB, 46068 MiB, 0 %
2026/08/20 15:19:40.243, 1, NVIDIA L40S, 42639 MiB, 46068 MiB, 0 %
2026/08/20 15:19:40.243, 2, NVIDIA L40S, 42639 MiB, 46068 MiB, 0 %
2026/08/20 15:19:41.243, 0, NVIDIA L40S, 17601 MiB, 46068 MiB, 0 %
2026/08/20 15:19:41.244, 1, NVIDIA L40S, 42639 MiB, 46068 MiB, 0 %
2026/08/20 15:19:41.244, 2, NVIDIA L40S, 42639 MiB, 46068 MiB, 0 %
2026/08/20 15:19:42.244, 0, NVIDIA L40S, 17601 MiB, 46068 MiB, 0 %
2026/08/20 15:19:42.244, 1, NVIDIA L40S, 42639 MiB, 46068 MiB, 0 %
2026/08/20 15:19:42.245, 2, NVIDIA L40S, 42639 MiB, 46068 MiB, 0 %
2026/08/20 15:19:43.245, 0, NVIDIA L40S, 17601 MiB, 46068 MiB, 0 %
2026/08/20 15:19:43.245, 1, NVIDIA L40S, 42639 MiB, 46068 MiB, 0 %
2026/08/20 15:19:43.246, 2, NVIDIA L40S, 42639 MiB, 46068 MiB, 0 %
2026/08/20 15:19:44.246, 0, NVIDIA L40S, 17601 MiB, 46068 MiB, 0 %
2026/08/20 15:19:44.246, 1, NVIDIA L40S, 42639 MiB, 46068 MiB, 0 %
2026/08/20 15:19:44.246, 2, NVIDIA L40S, 42639 MiB, 46068 MiB, 0 %
2026/08/20 15:19:45.246, 0, NVIDIA L40S, 17601 MiB, 46068 MiB, 0 %
2026/08/20 15:19:45.247, 1, NVIDIA L40S, 42639 MiB, 46068 MiB, 0 %
2026/08/20 15:19:45.247, 2, NVIDIA L40S, 42639 MiB, 46068 MiB, 0 %
2026/08/20 15:19:46.247, 0, NVIDIA L40S, 17601 MiB, 46068 MiB, 0 %
2026/08/20 15:19:46.247, 1, NVIDIA L40S, 42639 MiB, 46068 MiB, 0 %
2026/08/20 15:19:46.248, 2, NVIDIA L40S, 42639 MiB, 46068 MiB, 0 %
2026/08/20 15:19:47.248, 0, NVIDIA L40S, 17601 MiB, 46068 MiB, 0 %
2026/08/20 15:19:47.248, 1, NVIDIA L40S, 42639 MiB, 46068 MiB, 0 %
2026/08/20 15:19:47.248, 2, NVIDIA L40S, 42639 MiB, 46068 MiB, 0 %
2026/08/20 15:19:48.248, 0, NVIDIA L40S, 17601 MiB, 46068 MiB, 0 %
2026/08/20 15:19:48.249, 1, NVIDIA L40S, 42639 MiB, 46068 MiB, 0 %
2026/08/20 15:19:48.249, 2, NVIDIA L40S, 42639 MiB, 46068 MiB, 0 %
2026/08/20 15:19:49.249, 0, NVIDIA L40S, 17601 MiB, 46068 MiB, 0 %
2026/08/20 15:19:49.250, 1, NVIDIA L40S, 42639 MiB, 46068 MiB, 0 %
2026/08/20 15:19:49.250, 2, NVIDIA L40S, 42639 MiB, 46068 MiB, 0 %
2026/08/20 15:19:50.250, 0, NVIDIA L40S, 17601 MiB, 46068 MiB, 0 %
2026/08/20 15:19:50.250, 1, NVIDIA L40S, 42639 MiB, 46068 MiB, 0 %
2026/08/20 15:19:50.251, 2, NVIDIA L40S, 42639 MiB, 46068 MiB, 0 %
2026/08/20 15:19:51.251, 0, NVIDIA L40S, 17601 MiB, 46068 MiB, 0 %
2026/08/20 15:19:51.251, 1, NVIDIA L40S, 42639 MiB, 46068 MiB, 0 %
2026/08/20 15:19:51.252, 2, NVIDIA L40S, 42639 MiB, 46068 MiB, 0 %
2026/08/20 15:19:52.252, 0, NVIDIA L40S, 17601 MiB, 46068 MiB, 0 %
2026/08/20 15:19:52.252, 1, NVIDIA L40S, 42639 MiB, 46068 MiB, 0 %
2026/08/20 15:19:52.253, 2, NVIDIA L40S, 42639 MiB, 46068 MiB, 0 %
2026/08/20 15:19:53.253, 0, NVIDIA L40S, 17601 MiB, 46068 MiB, 0 %
2026/08/20 15:19:53.253, 1, NVIDIA L40S, 42639 MiB, 46068 MiB, 0 %
2026/08/20 15:19:53.254, 2, NVIDIA L40S, 42639 MiB, 46068 MiB, 0 %
2026/08/20 15:19:54.254, 0, NVIDIA L40S, 17601 MiB, 46068 MiB, 0 %
2026/08/20 15:19:54.254, 1, NVIDIA L40S, 42639 MiB, 46068 MiB, 0 %
2026/08/20 15:19:54.255, 2, NVIDIA L40S, 42639 MiB, 46068 MiB, 0 %
2026/08/20 15:19:55.255, 0, NVIDIA L40S, 17601 MiB, 46068 MiB, 0 %
2026/08/20 15:19:55.255, 1, NVIDIA L40S, 42639 MiB, 46068 MiB, 0 %
2026/08/20 15:19:55.255, 2, NVIDIA L40S, 42639 MiB, 46068 MiB, 0 %
2026/08/20 15:19:56.255, 0, NVIDIA L40S, 17601 MiB, 46068 MiB, 0 %
2026/08/20 15:19:56.256, 1, NVIDIA L40S, 42639 MiB, 46068 MiB, 0 %
2026/08/20 15:19:56.256, 2, NVIDIA L40S, 42639 MiB, 46068 MiB, 0 %
2026/08/20 15:19:57.256, 0, NVIDIA L40S, 17601 MiB, 46068 MiB, 0 %
2026/08/20 15:19:57.257, 1, NVIDIA L40S, 42639 MiB, 46068 MiB, 0 %
2026/08/20 15:19:57.257, 2, NVIDIA L40S, 42639 MiB, 46068 MiB, 0 %
2026/08/20 15:19:58.257, 0, NVIDIA L40S, 17601 MiB, 46068 MiB, 0 %
2026/08/20 15:19:58.257, 1, NVIDIA L40S, 42639 MiB, 46068 MiB, 0 %
2026/08/20 15:19:58.258, 2, NVIDIA L40S, 42639 MiB, 46068 MiB, 0 %
2026/08/20 15:19:59.258, 0, NVIDIA L40S, 17601 MiB, 46068 MiB, 0 %
2026/08/20 15:19:59.258, 1, NVIDIA L40S, 42639 MiB, 46068 MiB, 0 %
2026/08/20 15:19:59.259, 2, NVIDIA L40S, 42639 MiB, 46068 MiB, 0 %
2026/08/20 15:20:00.259, 0, NVIDIA L40S, 17601 MiB, 46068 MiB, 0 %
2026/08/20 15:20:00.259, 1, NVIDIA L40S, 42639 MiB, 46068 MiB, 0 %
2026/08/20 15:20:00.259, 2, NVIDIA L40S, 42639 MiB, 46068 MiB, 0 %
2026/08/20 15:20:01.259, 0, NVIDIA L40S, 17601 MiB, 46068 MiB, 0 %
2026/08/20 15:20:01.260, 1, NVIDIA L40S, 42639 MiB, 46068 MiB, 0 %
2026/08/20 15:20:01.260, 2, NVIDIA L40S, 42639 MiB, 46068 MiB, 0 %
2026/08/20 15:20:02.260, 0, NVIDIA L40S, 17601 MiB, 46068 MiB, 0 %
2026/08/20 15:20:02.261, 1, NVIDIA L40S, 42639 MiB, 46068 MiB, 0 %
2026/08/20 15:20:02.261, 2, NVIDIA L40S, 42639 MiB, 46068 MiB, 0 %
2026/08/20 15:20:03.261, 0, NVIDIA L40S, 17601 MiB, 46068 MiB, 0 %
2026/08/20 15:20:03.261, 1, NVIDIA L40S, 42639 MiB, 46068 MiB, 0 %
2026/08/20 15:20:03.262, 2, NVIDIA L40S, 42639 MiB, 46068 MiB, 0 %
2026/08/20 15:20:04.262, 0, NVIDIA L40S, 17601 MiB, 46068 MiB, 0 %
2026/08/20 15:20:04.262, 1, NVIDIA L40S, 42639 MiB, 46068 MiB, 0 %
2026/08/20 15:20:04.263, 2, NVIDIA L40S, 42639 MiB, 46068 MiB, 0 %
2026/08/20 15:20:05.263, 0, NVIDIA L40S, 17601 MiB, 46068 MiB, 0 %
2026/08/20 15:20:05.263, 1, NVIDIA L40S, 42639 MiB, 46068 MiB, 0 %
2026/08/20 15:20:05.264, 2, NVIDIA L40S, 42639 MiB, 46068 MiB, 0 %
2026/08/20 15:20:06.264, 0, NVIDIA L40S, 17601 MiB, 46068 MiB, 0 %
2026/08/20 15:20:06.264, 1, NVIDIA L40S, 42639 MiB, 46068 MiB, 0 %
2026/08/20 15:20:06.264, 2, NVIDIA L40S, 42639 MiB, 46068 MiB, 0 %
2026/08/20 15:20:07.264, 0, NVIDIA L40S, 17601 MiB, 46068 MiB, 0 %
2026/08/20 15:20:07.265, 1, NVIDIA L40S, 42639 MiB, 46068 MiB, 0 %
2026/08/20 15:20:07.265, 2, NVIDIA L40S, 42639 MiB, 46068 MiB, 0 %
2026/08/20 15:20:08.265, 0, NVIDIA L40S, 17601 MiB, 46068 MiB, 0 %
2026/08/20 15:20:08.266, 1, NVIDIA L40S, 42639 MiB, 46068 MiB, 0 %
2026/08/20 15:20:08.266, 2, NVIDIA L40S, 42639 MiB, 46068 MiB, 0 %
2026/08/20 15:20:09.266, 0, NVIDIA L40S, 17601 MiB, 46068 MiB, 0 %
2026/08/20 15:20:09.267, 1, NVIDIA L40S, 42639 MiB, 46068 MiB, 0 %
2026/08/20 15:20:09.267, 2, NVIDIA L40S, 42639 MiB, 46068 MiB, 0 %
2026/08/20 15:20:10.267, 0, NVIDIA L40S, 17601 MiB, 46068 MiB, 0 %
2026/08/20 15:20:10.268, 1, NVIDIA L40S, 42639 MiB, 46068 MiB, 0 %
2026/08/20 15:20:10.268, 2, NVIDIA L40S, 42639 MiB, 46068 MiB, 0 %
2026/08/20 15:20:11.268, 0, NVIDIA L40S, 17601 MiB, 46068 MiB, 0 %
2026/08/20 15:20:11.268, 1, NVIDIA L40S, 42639 MiB, 46068 MiB, 0 %
2026/08/20 15:20:11.269, 2, NVIDIA L40S, 42639 MiB, 46068 MiB, 0 %
2026/08/20 15:20:12.272, 0, NVIDIA L40S, 17601 MiB, 46068 MiB, 0 %
2026/08/20 15:20:12.272, 1, NVIDIA L40S, 42639 MiB, 46068 MiB, 0 %
2026/08/20 15:20:12.272, 2, NVIDIA L40S, 42639 MiB, 46068 MiB, 0 %
2026/08/20 15:20:13.272, 0, NVIDIA L40S, 17601 MiB, 46068 MiB, 0 %
2026/08/20 15:20:13.273, 1, NVIDIA L40S, 42639 MiB, 46068 MiB, 0 %
2026/08/20 15:20:13.273, 2, NVIDIA L40S, 42639 MiB, 46068 MiB, 0 %
2026/08/20 15:20:14.273, 0, NVIDIA L40S, 17601 MiB, 46068 MiB, 0 %
2026/08/20 15:20:14.274, 1, NVIDIA L40S, 42639 MiB, 46068 MiB, 0 %
2026/08/20 15:20:14.274, 2, NVIDIA L40S, 42639 MiB, 46068 MiB, 0 %
2026/08/20 15:20:15.274, 0, NVIDIA L40S, 17601 MiB, 46068 MiB, 0 %
2026/08/20 15:20:15.274, 1, NVIDIA L40S, 42639 MiB, 46068 MiB, 0 %
2026/08/20 15:20:15.275, 2, NVIDIA L40S, 42639 MiB, 46068 MiB, 0 %
2026/08/20 15:20:16.275, 0, NVIDIA L40S, 17601 MiB, 46068 MiB, 0 %
2026/08/20 15:20:16.276, 1, NVIDIA L40S, 42639 MiB, 46068 MiB, 0 %
2026/08/20 15:20:16.276, 2, NVIDIA L40S, 42639 MiB, 46068 MiB, 0 %
2026/08/20 15:20:17.276, 0, NVIDIA L40S, 17601 MiB, 46068 MiB, 0 %
2026/08/20 15:20:17.276, 1, NVIDIA L40S, 42639 MiB, 46068 MiB, 0 %
2026/08/20 15:20:17.276, 2, NVIDIA L40S, 42639 MiB, 46068 MiB, 0 %
2026/08/20 15:20:18.277, 0, NVIDIA L40S, 17601 MiB, 46068 MiB, 0 %
2026/08/20 15:20:18.277, 1, NVIDIA L40S, 42639 MiB, 46068 MiB, 0 %
2026/08/20 15:20:18.277, 2, NVIDIA L40S, 42639 MiB, 46068 MiB, 0 %
2026/08/20 15:20:19.278, 0, NVIDIA L40S, 17601 MiB, 46068 MiB, 0 %
2026/08/20 15:20:19.278, 1, NVIDIA L40S, 42639 MiB, 46068 MiB, 0 %
2026/08/20 15:20:19.278, 2, NVIDIA L40S, 42639 MiB, 46068 MiB, 0 %
2026/08/20 15:20:20.279, 0, NVIDIA L40S, 17601 MiB, 46068 MiB, 0 %
2026/08/20 15:20:20.279, 1, NVIDIA L40S, 42639 MiB, 46068 MiB, 0 %
2026/08/20 15:20:20.279, 2, NVIDIA L40S, 42639 MiB, 46068 MiB, 0 %
2026/08/20 15:20:21.280, 0, NVIDIA L40S, 17601 MiB, 46068 MiB, 0 %
2026/08/20 15:20:21.280, 1, NVIDIA L40S, 42639 MiB, 46068 MiB, 0 %
2026/08/20 15:20:21.280, 2, NVIDIA L40S, 42639 MiB, 46068 MiB, 0 %
2026/08/20 15:20:22.281, 0, NVIDIA L40S, 17601 MiB, 46068 MiB, 0 %
2026/08/20 15:20:22.281, 1, NVIDIA L40S, 42639 MiB, 46068 MiB, 0 %
2026/08/20 15:20:22.281, 2, NVIDIA L40S, 42639 MiB, 46068 MiB, 0 %
2026/08/20 15:20:23.282, 0, NVIDIA L40S, 17601 MiB, 46068 MiB, 0 %
2026/08/20 15:20:23.282, 1, NVIDIA L40S, 42639 MiB, 46068 MiB, 0 %
2026/08/20 15:20:23.282, 2, NVIDIA L40S, 42639 MiB, 46068 MiB, 0 %
2026/08/20 15:20:24.283, 0, NVIDIA L40S, 17601 MiB, 46068 MiB, 0 %
2026/08/20 15:20:24.283, 1, NVIDIA L40S, 42639 MiB, 46068 MiB, 0 %
2026/08/20 15:20:24.283, 2, NVIDIA L40S, 42639 MiB, 46068 MiB, 0 %
2026/08/20 15:20:25.283, 0, NVIDIA L40S, 17601 MiB, 46068 MiB, 0 %
2026/08/20 15:20:25.283, 1, NVIDIA L40S, 42639 MiB, 46068 MiB, 0 %
2026/08/20 15:20:25.284, 2, NVIDIA L40S, 42639 MiB, 46068 MiB, 0 %
2026/08/20 15:20:26.284, 0, NVIDIA L40S, 17601 MiB, 46068 MiB, 0 %
2026/08/20 15:20:26.284, 1, NVIDIA L40S, 42639 MiB, 46068 MiB, 0 %
2026/08/20 15:20:26.285, 2, NVIDIA L40S, 42639 MiB, 46068 MiB, 0 %
2026/08/20 15:20:27.285, 0, NVIDIA L40S, 17601 MiB, 46068 MiB, 0 %
2026/08/20 15:20:27.285, 1, NVIDIA L40S, 42639 MiB, 46068 MiB, 0 %
2026/08/20 15:20:27.286, 2, NVIDIA L40S, 42639 MiB, 46068 MiB, 0 %
2026/08/20 15:20:28.286, 0, NVIDIA L40S, 17601 MiB, 46068 MiB, 0 %
2026/08/20 15:20:28.286, 1, NVIDIA L40S, 42639 MiB, 46068 MiB, 0 %
2026/08/20 15:20:28.286, 2, NVIDIA L40S, 42639 MiB, 46068 MiB, 0 %
2026/08/20 15:20:29.287, 0, NVIDIA L40S, 17601 MiB, 46068 MiB, 0 %
2026/08/20 15:20:29.287, 1, NVIDIA L40S, 42639 MiB, 46068 MiB, 0 %
2026/08/20 15:20:29.287, 2, NVIDIA L40S, 42639 MiB, 46068 MiB, 0 %
2026/08/20 15:20:30.288, 0, NVIDIA L40S, 17601 MiB, 46068 MiB, 0 %
2026/08/20 15:20:30.288, 1, NVIDIA L40S, 42639 MiB, 46068 MiB, 0 %
2026/08/20 15:20:30.288, 2, NVIDIA L40S, 42639 MiB, 46068 MiB, 0 %
2026/08/20 15:20:31.289, 0, NVIDIA L40S, 17601 MiB, 46068 MiB, 0 %
2026/08/20 15:20:31.289, 1, NVIDIA L40S, 42639 MiB, 46068 MiB, 0 %
2026/08/20 15:20:31.289, 2, NVIDIA L40S, 42639 MiB, 46068 MiB, 0 %
2026/08/20 15:20:32.290, 0, NVIDIA L40S, 17601 MiB, 46068 MiB, 0 %
2026/08/20 15:20:32.290, 1, NVIDIA L40S, 42639 MiB, 46068 MiB, 0 %
2026/08/20 15:20:32.290, 2, NVIDIA L40S, 42639 MiB, 46068 MiB, 0 %
2026/08/20 15:20:33.290, 0, NVIDIA L40S, 17601 MiB, 46068 MiB, 0 %
2026/08/20 15:20:33.291, 1, NVIDIA L40S, 42639 MiB, 46068 MiB, 0 %
2026/08/20 15:20:33.291, 2, NVIDIA L40S, 42639 MiB, 46068 MiB, 0 %
2026/08/20 15:20:34.291, 0, NVIDIA L40S, 17601 MiB, 46068 MiB, 0 %
2026/08/20 15:20:34.291, 1, NVIDIA L40S, 42639 MiB, 46068 MiB, 0 %
2026/08/20 15:20:34.292, 2, NVIDIA L40S, 42639 MiB, 46068 MiB, 0 %
2026/08/20 15:20:35.292, 0, NVIDIA L40S, 17601 MiB, 46068 MiB, 0 %
2026/08/20 15:20:35.292, 1, NVIDIA L40S, 42639 MiB, 46068 MiB, 0 %
2026/08/20 15:20:35.293, 2, NVIDIA L40S, 42639 MiB, 46068 MiB, 0 %
2026/08/20 15:20:36.293, 0, NVIDIA L40S, 17601 MiB, 46068 MiB, 0 %
2026/08/20 15:20:36.293, 1, NVIDIA L40S, 42639 MiB, 46068 MiB, 0 %
2026/08/20 15:20:36.294, 2, NVIDIA L40S, 42639 MiB, 46068 MiB, 0 %
2026/08/20 15:20:37.294, 0, NVIDIA L40S, 17601 MiB, 46068 MiB, 0 %
2026/08/20 15:20:37.294, 1, NVIDIA L40S, 42639 MiB, 46068 MiB, 0 %
2026/08/20 15:20:37.295, 2, NVIDIA L40S, 42639 MiB, 46068 MiB, 0 %
2026/08/20 15:20:38.295, 0, NVIDIA L40S, 17601 MiB, 46068 MiB, 0 %
2026/08/20 15:20:38.295, 1, NVIDIA L40S, 42639 MiB, 46068 MiB, 0 %
2026/08/20 15:20:38.296, 2, NVIDIA L40S, 42639 MiB, 46068 MiB, 0 %
2026/08/20 15:20:39.296, 0, NVIDIA L40S, 17601 MiB, 46068 MiB, 0 %
2026/08/20 15:20:39.296, 1, NVIDIA L40S, 42639 MiB, 46068 MiB, 0 %
2026/08/20 15:20:39.296, 2, NVIDIA L40S, 42639 MiB, 46068 MiB, 0 %
2026/08/20 15:20:40.297, 0, NVIDIA L40S, 17601 MiB, 46068 MiB, 0 %
2026/08/20 15:20:40.297, 1, NVIDIA L40S, 42639 MiB, 46068 MiB, 0 %
2026/08/20 15:20:40.297, 2, NVIDIA L40S, 42639 MiB, 46068 MiB, 0 %
2026/08/20 15:20:41.298, 0, NVIDIA L40S, 17601 MiB, 46068 MiB, 0 %
2026/08/20 15:20:41.298, 1, NVIDIA L40S, 42639 MiB, 46068 MiB, 0 %
2026/08/20 15:20:41.298, 2, NVIDIA L40S, 42639 MiB, 46068 MiB, 0 %
2026/08/20 15:20:42.299, 0, NVIDIA L40S, 17601 MiB, 46068 MiB, 0 %
2026/08/20 15:20:42.299, 1, NVIDIA L40S, 42639 MiB, 46068 MiB, 0 %
2026/08/20 15:20:42.299, 2, NVIDIA L40S, 42639 MiB, 46068 MiB, 0 %
2026/08/20 15:20:43.300, 0, NVIDIA L40S, 17601 MiB, 46068 MiB, 0 %
2026/08/20 15:20:43.300, 1, NVIDIA L40S, 42639 MiB, 46068 MiB, 0 %
2026/08/20 15:20:43.300, 2, NVIDIA L40S, 42639 MiB, 46068 MiB, 0 %
2026/08/20 15:20:44.301, 0, NVIDIA L40S, 17601 MiB, 46068 MiB, 0 %
2026/08/20 15:20:44.301, 1, NVIDIA L40S, 42639 MiB, 46068 MiB, 0 %
2026/08/20 15:20:44.301, 2, NVIDIA L40S, 42639 MiB, 46068 MiB, 0 %
2026/08/20 15:20:45.302, 0, NVIDIA L40S, 17601 MiB, 46068 MiB, 0 %
2026/08/20 15:20:45.302, 1, NVIDIA L40S, 42639 MiB, 46068 MiB, 0 %
2026/08/20 15:20:45.302, 2, NVIDIA L40S, 42639 MiB, 46068 MiB, 0 %
2026/08/20 15:20:46.303, 0, NVIDIA L40S, 17601 MiB, 46068 MiB, 0 %
2026/08/20 15:20:46.303, 1, NVIDIA L40S, 42639 MiB, 46068 MiB, 0 %
2026/08/20 15:20:46.303, 2, NVIDIA L40S, 42639 MiB, 46068 MiB, 0 %
2026/08/20 15:20:47.303, 0, NVIDIA L40S, 17601 MiB, 46068 MiB, 0 %
2026/08/20 15:20:47.304, 1, NVIDIA L40S, 42639 MiB, 46068 MiB, 0 %
2026/08/20 15:20:47.304, 2, NVIDIA L40S, 42639 MiB, 46068 MiB, 0 %
2026/08/20 15:20:48.304, 0, NVIDIA L40S, 17601 MiB, 46068 MiB, 0 %
2026/08/20 15:20:48.305, 1, NVIDIA L40S, 42639 MiB, 46068 MiB, 0 %
2026/08/20 15:20:48.305, 2, NVIDIA L40S, 42639 MiB, 46068 MiB, 0 %
2026/08/20 15:20:49.305, 0, NVIDIA L40S, 17601 MiB, 46068 MiB, 0 %
2026/08/20 15:20:49.306, 1, NVIDIA L40S, 42639 MiB, 46068 MiB, 0 %
2026/08/20 15:20:49.306, 2, NVIDIA L40S, 42639 MiB, 46068 MiB, 0 %
2026/08/20 15:20:50.306, 0, NVIDIA L40S, 17601 MiB, 46068 MiB, 0 %
2026/08/20 15:20:50.307, 1, NVIDIA L40S, 42639 MiB, 46068 MiB, 0 %
2026/08/20 15:20:50.307, 2, NVIDIA L40S, 42639 MiB, 46068 MiB, 0 %
2026/08/20 15:20:51.307, 0, NVIDIA L40S, 17601 MiB, 46068 MiB, 0 %
2026/08/20 15:20:51.307, 1, NVIDIA L40S, 42639 MiB, 46068 MiB, 0 %
2026/08/20 15:20:51.308, 2, NVIDIA L40S, 42639 MiB, 46068 MiB, 0 %
2026/08/20 15:20:52.308, 0, NVIDIA L40S, 17601 MiB, 46068 MiB, 0 %
2026/08/20 15:20:52.308, 1, NVIDIA L40S, 42639 MiB, 46068 MiB, 0 %
2026/08/20 15:20:52.308, 2, NVIDIA L40S, 42639 MiB, 46068 MiB, 0 %
2026/08/20 15:20:53.309, 0, NVIDIA L40S, 17601 MiB, 46068 MiB, 0 %
2026/08/20 15:20:53.309, 1, NVIDIA L40S, 42639 MiB, 46068 MiB, 0 %
2026/08/20 15:20:53.309, 2, NVIDIA L40S, 42639 MiB, 46068 MiB, 0 %
2026/08/20 15:20:54.310, 0, NVIDIA L40S, 17601 MiB, 46068 MiB, 0 %
2026/08/20 15:20:54.310, 1, NVIDIA L40S, 42639 MiB, 46068 MiB, 0 %
2026/08/20 15:20:54.310, 2, NVIDIA L40S, 42639 MiB, 46068 MiB, 0 %
2026/08/20 15:20:55.311, 0, NVIDIA L40S, 17601 MiB, 46068 MiB, 0 %
2026/08/20 15:20:55.311, 1, NVIDIA L40S, 42639 MiB, 46068 MiB, 0 %
2026/08/20 15:20:55.311, 2, NVIDIA L40S, 42639 MiB, 46068 MiB, 0 %
2026/08/20 15:20:56.312, 0, NVIDIA L40S, 17601 MiB, 46068 MiB, 0 %
2026/08/20 15:20:56.312, 1, NVIDIA L40S, 42639 MiB, 46068 MiB, 0 %
2026/08/20 15:20:56.312, 2, NVIDIA L40S, 42639 MiB, 46068 MiB, 0 %
2026/08/20 15:20:57.313, 0, NVIDIA L40S, 17601 MiB, 46068 MiB, 0 %
2026/08/20 15:20:57.313, 1, NVIDIA L40S, 42639 MiB, 46068 MiB, 0 %
2026/08/20 15:20:57.313, 2, NVIDIA L40S, 42639 MiB, 46068 MiB, 0 %
2026/08/20 15:20:58.314, 0, NVIDIA L40S, 17601 MiB, 46068 MiB, 0 %
2026/08/20 15:20:58.314, 1, NVIDIA L40S, 42639 MiB, 46068 MiB, 0 %
2026/08/20 15:20:58.314, 2, NVIDIA L40S, 42639 MiB, 46068 MiB, 0 %
2026/08/20 15:20:59.314, 0, NVIDIA L40S, 17601 MiB, 46068 MiB, 0 %
2026/08/20 15:20:59.315, 1, NVIDIA L40S, 42639 MiB, 46068 MiB, 0 %
2026/08/20 15:20:59.315, 2, NVIDIA L40S, 42639 MiB, 46068 MiB, 0 %
2026/08/20 15:21:00.315, 0, NVIDIA L40S, 17601 MiB, 46068 MiB, 0 %
2026/08/20 15:21:00.316, 1, NVIDIA L40S, 42639 MiB, 46068 MiB, 0 %
2026/08/20 15:21:00.316, 2, NVIDIA L40S, 42639 MiB, 46068 MiB, 0 %
2026/08/20 15:21:01.316, 0, NVIDIA L40S, 17601 MiB, 46068 MiB, 0 %
2026/08/20 15:21:01.317, 1, NVIDIA L40S, 42639 MiB, 46068 MiB, 0 %
2026/08/20 15:21:01.317, 2, NVIDIA L40S, 42639 MiB, 46068 MiB, 0 %
2026/08/20 15:21:02.317, 0, NVIDIA L40S, 0 MiB, 46068 MiB, 1 %
2026/08/20 15:21:02.317, 1, NVIDIA L40S, 42639 MiB, 46068 MiB, 0 %
2026/08/20 15:21:02.317, 2, NVIDIA L40S, 42639 MiB, 46068 MiB, 0 %
2026/08/20 15:21:03.317, 0, NVIDIA L40S, 0 MiB, 46068 MiB, 0 %
2026/08/20 15:21:03.318, 1, NVIDIA L40S, 42639 MiB, 46068 MiB, 0 %
2026/08/20 15:21:03.318, 2, NVIDIA L40S, 42639 MiB, 46068 MiB, 0 %
2026/08/20 15:21:04.318, 0, NVIDIA L40S, 0 MiB, 46068 MiB, 0 %
2026/08/20 15:21:04.319, 1, NVIDIA L40S, 42639 MiB, 46068 MiB, 0 %
2026/08/20 15:21:04.319, 2, NVIDIA L40S, 42639 MiB, 46068 MiB, 0 %
2026/08/20 15:21:05.319, 0, NVIDIA L40S, 0 MiB, 46068 MiB, 0 %
2026/08/20 15:21:05.320, 1, NVIDIA L40S, 42639 MiB, 46068 MiB, 0 %
2026/08/20 15:21:05.320, 2, NVIDIA L40S, 42639 MiB, 46068 MiB, 0 %
2026/08/20 15:21:06.320, 0, NVIDIA L40S, 0 MiB, 46068 MiB, 0 %
2026/08/20 15:21:06.320, 1, NVIDIA L40S, 42639 MiB, 46068 MiB, 0 %
2026/08/20 15:21:06.320, 2, NVIDIA L40S, 42639 MiB, 46068 MiB, 0 %
2026/08/20 15:21:07.321, 0, NVIDIA L40S, 0 MiB, 46068 MiB, 0 %
2026/08/20 15:21:07.321, 1, NVIDIA L40S, 42639 MiB, 46068 MiB, 0 %
2026/08/20 15:21:07.321, 2, NVIDIA L40S, 42639 MiB, 46068 MiB, 0 %
2026/08/20 15:21:08.321, 0, NVIDIA L40S, 0 MiB, 46068 MiB, 0 %
2026/08/20 15:21:08.322, 1, NVIDIA L40S, 42639 MiB, 46068 MiB, 0 %
2026/08/20 15:21:08.322, 2, NVIDIA L40S, 42639 MiB, 46068 MiB, 0 %
2026/08/20 15:21:09.322, 0, NVIDIA L40S, 0 MiB, 46068 MiB, 0 %
2026/08/20 15:21:09.322, 1, NVIDIA L40S, 42639 MiB, 46068 MiB, 0 %
2026/08/20 15:21:09.323, 2, NVIDIA L40S, 42639 MiB, 46068 MiB, 0 %
2026/08/20 15:21:10.323, 0, NVIDIA L40S, 0 MiB, 46068 MiB, 0 %
2026/08/20 15:21:10.324, 1, NVIDIA L40S, 42639 MiB, 46068 MiB, 0 %
2026/08/20 15:21:10.324, 2, NVIDIA L40S, 42639 MiB, 46068 MiB, 0 %
2026/08/20 15:21:11.324, 0, NVIDIA L40S, 0 MiB, 46068 MiB, 0 %
2026/08/20 15:21:11.325, 1, NVIDIA L40S, 42639 MiB, 46068 MiB, 0 %
2026/08/20 15:21:11.325, 2, NVIDIA L40S, 42639 MiB, 46068 MiB, 0 %
2026/08/20 15:21:12.325, 0, NVIDIA L40S, 0 MiB, 46068 MiB, 0 %
2026/08/20 15:21:12.326, 1, NVIDIA L40S, 42639 MiB, 46068 MiB, 0 %
2026/08/20 15:21:12.326, 2, NVIDIA L40S, 42639 MiB, 46068 MiB, 0 %
2026/08/20 15:21:13.326, 0, NVIDIA L40S, 0 MiB, 46068 MiB, 0 %
2026/08/20 15:21:13.326, 1, NVIDIA L40S, 42639 MiB, 46068 MiB, 0 %
2026/08/20 15:21:13.327, 2, NVIDIA L40S, 42639 MiB, 46068 MiB, 0 %
2026/08/20 15:21:14.327, 0, NVIDIA L40S, 0 MiB, 46068 MiB, 0 %
2026/08/20 15:21:14.327, 1, NVIDIA L40S, 42639 MiB, 46068 MiB, 0 %
2026/08/20 15:21:14.328, 2, NVIDIA L40S, 42639 MiB, 46068 MiB, 0 %
2026/08/20 15:21:15.328, 0, NVIDIA L40S, 0 MiB, 46068 MiB, 0 %
2026/08/20 15:21:15.328, 1, NVIDIA L40S, 42639 MiB, 46068 MiB, 0 %
2026/08/20 15:21:15.328, 2, NVIDIA L40S, 42639 MiB, 46068 MiB, 0 %
2026/08/20 15:21:16.328, 0, NVIDIA L40S, 0 MiB, 46068 MiB, 0 %
2026/08/20 15:21:16.329, 1, NVIDIA L40S, 42639 MiB, 46068 MiB, 0 %
2026/08/20 15:21:16.329, 2, NVIDIA L40S, 42639 MiB, 46068 MiB, 0 %
2026/08/20 15:21:17.329, 0, NVIDIA L40S, 0 MiB, 46068 MiB, 0 %
2026/08/20 15:21:17.330, 1, NVIDIA L40S, 42639 MiB, 46068 MiB, 0 %
2026/08/20 15:21:17.330, 2, NVIDIA L40S, 42639 MiB, 46068 MiB, 0 %
2026/08/20 15:21:18.330, 0, NVIDIA L40S, 0 MiB, 46068 MiB, 0 %
2026/08/20 15:21:18.330, 1, NVIDIA L40S, 42639 MiB, 46068 MiB, 0 %
2026/08/20 15:21:18.331, 2, NVIDIA L40S, 42639 MiB, 46068 MiB, 0 %
2026/08/20 15:21:19.331, 0, NVIDIA L40S, 0 MiB, 46068 MiB, 0 %
2026/08/20 15:21:19.332, 1, NVIDIA L40S, 42639 MiB, 46068 MiB, 0 %
2026/08/20 15:21:19.332, 2, NVIDIA L40S, 42639 MiB, 46068 MiB, 0 %
2026/08/20 15:21:20.332, 0, NVIDIA L40S, 0 MiB, 46068 MiB, 0 %
2026/08/20 15:21:20.333, 1, NVIDIA L40S, 42639 MiB, 46068 MiB, 0 %
2026/08/20 15:21:20.333, 2, NVIDIA L40S, 42639 MiB, 46068 MiB, 0 %
2026/08/20 15:21:21.333, 0, NVIDIA L40S, 0 MiB, 46068 MiB, 0 %
2026/08/20 15:21:21.333, 1, NVIDIA L40S, 42639 MiB, 46068 MiB, 0 %
2026/08/20 15:21:21.334, 2, NVIDIA L40S, 42639 MiB, 46068 MiB, 0 %
2026/08/20 15:21:22.334, 0, NVIDIA L40S, 0 MiB, 46068 MiB, 0 %
2026/08/20 15:21:22.335, 1, NVIDIA L40S, 42639 MiB, 46068 MiB, 0 %
2026/08/20 15:21:22.335, 2, NVIDIA L40S, 42639 MiB, 46068 MiB, 0 %
2026/08/20 15:21:23.335, 0, NVIDIA L40S, 0 MiB, 46068 MiB, 0 %
2026/08/20 15:21:23.335, 1, NVIDIA L40S, 42639 MiB, 46068 MiB, 0 %
2026/08/20 15:21:23.335, 2, NVIDIA L40S, 42639 MiB, 46068 MiB, 0 %
2026/08/20 15:21:24.336, 0, NVIDIA L40S, 0 MiB, 46068 MiB, 0 %
2026/08/20 15:21:24.336, 1, NVIDIA L40S, 42639 MiB, 46068 MiB, 0 %
2026/08/20 15:21:24.336, 2, NVIDIA L40S, 42639 MiB, 46068 MiB, 0 %
2026/08/20 15:21:25.336, 0, NVIDIA L40S, 0 MiB, 46068 MiB, 0 %
2026/08/20 15:21:25.337, 1, NVIDIA L40S, 42639 MiB, 46068 MiB, 0 %
2026/08/20 15:21:25.337, 2, NVIDIA L40S, 42639 MiB, 46068 MiB, 0 %
2026/08/20 15:21:26.337, 0, NVIDIA L40S, 0 MiB, 46068 MiB, 0 %
2026/08/20 15:21:26.338, 1, NVIDIA L40S, 42639 MiB, 46068 MiB, 0 %
2026/08/20 15:21:26.338, 2, NVIDIA L40S, 42639 MiB, 46068 MiB, 0 %
2026/08/20 15:21:27.338, 0, NVIDIA L40S, 0 MiB, 46068 MiB, 0 %
2026/08/20 15:21:27.339, 1, NVIDIA L40S, 42639 MiB, 46068 MiB, 0 %
2026/08/20 15:21:27.339, 2, NVIDIA L40S, 42639 MiB, 46068 MiB, 0 %
